season,episode_number,episode_name,episode_order,year,theme,count
1,1,Cartman Gets an Anal Probe,1,1997,Abortion,6
1,1,Cartman Gets an Anal Probe,1,1997,Criminal Justice Reform,1
1,1,Cartman Gets an Anal Probe,1,1997,Drug Policy,4
1,1,Cartman Gets an Anal Probe,1,1997,Gun Control,1
1,1,Cartman Gets an Anal Probe,1,1997,Income Inequality,2
1,1,Cartman Gets an Anal Probe,1,1997,LGBTQ Rights,1
1,2,Weight Gain 4000,2,1997,Abortion,1
1,2,Weight Gain 4000,2,1997,Climate Change,3
1,2,Weight Gain 4000,2,1997,Criminal Justice Reform,3
1,2,Weight Gain 4000,2,1997,Drug Policy,1
1,2,Weight Gain 4000,2,1997,Gun Control,8
1,2,Weight Gain 4000,2,1997,LGBTQ Rights,3
1,2,Weight Gain 4000,2,1997,Race Civil Rights,1
1,2,Weight Gain 4000,2,1997,Russia,1
1,3,Volcano,3,1997,Abortion,1
1,3,Volcano,3,1997,Gun Control,7
1,3,Volcano,3,1997,Iraq Afghanistan Wars,1
1,4,Big Gay Al's Big Gay Boat Ride,4,1997,Cancel Culture Free Speech,1
1,4,Big Gay Al's Big Gay Boat Ride,4,1997,Inflation Cost of Living,1
1,4,Big Gay Al's Big Gay Boat Ride,4,1997,LGBTQ Rights,44
1,4,Big Gay Al's Big Gay Boat Ride,4,1997,Race Civil Rights,1
1,5,An Elephant Makes Love to a Pig,5,1997,Abortion,4
1,5,An Elephant Makes Love to a Pig,5,1997,Climate Change,1
1,5,An Elephant Makes Love to a Pig,5,1997,Criminal Justice Reform,2
1,5,An Elephant Makes Love to a Pig,5,1997,Drug Policy,8
1,5,An Elephant Makes Love to a Pig,5,1997,Gun Control,2
1,5,An Elephant Makes Love to a Pig,5,1997,LGBTQ Rights,5
1,6,Death,6,1997,Abortion,1
1,6,Death,6,1997,Cancel Culture Free Speech,1
1,6,Death,6,1997,Criminal Justice Reform,3
1,6,Death,6,1997,Drug Policy,1
1,6,Death,6,1997,Immigration,2
1,6,Death,6,1997,Race Civil Rights,4
1,6,Death,6,1997,Tax Policy,1
1,7,Pinkeye,7,1997,Climate Change,1
1,7,Pinkeye,7,1997,Drug Policy,3
1,7,Pinkeye,7,1997,Healthcare Reform,4
1,7,Pinkeye,7,1997,Income Inequality,5
1,7,Pinkeye,7,1997,Inflation Cost of Living,3
1,8,Starvin' Marvin,8,1997,Abortion,1
1,8,Starvin' Marvin,8,1997,Drug Policy,1
1,8,Starvin' Marvin,8,1997,Income Inequality,14
1,8,Starvin' Marvin,8,1997,Inflation Cost of Living,1
1,8,Starvin' Marvin,8,1997,Tax Policy,1
1,9,"Mr. Hankey, the Christmas Poo",9,1997,Abortion,3
1,9,"Mr. Hankey, the Christmas Poo",9,1997,Cancel Culture Free Speech,7
1,9,"Mr. Hankey, the Christmas Poo",9,1997,Criminal Justice Reform,1
1,9,"Mr. Hankey, the Christmas Poo",9,1997,Drug Policy,1
1,9,"Mr. Hankey, the Christmas Poo",9,1997,Immigration,1
1,9,"Mr. Hankey, the Christmas Poo",9,1997,Income Inequality,1
1,9,"Mr. Hankey, the Christmas Poo",9,1997,LGBTQ Rights,2
1,9,"Mr. Hankey, the Christmas Poo",9,1997,Technology Privacy,1
1,10,Damien,10,1997,Immigration,2
1,10,Damien,10,1997,Income Inequality,1
1,10,Damien,10,1997,Iraq Afghanistan Wars,1
1,10,Damien,10,1997,LGBTQ Rights,1
1,10,Damien,10,1997,Social Security Medicare,1
1,11,Tom's Rhinoplasty,11,1997,Abortion,3
1,11,Tom's Rhinoplasty,11,1997,Cancel Culture Free Speech,1
1,11,Tom's Rhinoplasty,11,1997,Education Reform,1
1,11,Tom's Rhinoplasty,11,1997,Inflation Cost of Living,1
1,11,Tom's Rhinoplasty,11,1997,Iraq Afghanistan Wars,4
1,11,Tom's Rhinoplasty,11,1997,LGBTQ Rights,13
1,12,Mecha-Streisand,12,1997,Criminal Justice Reform,3
1,12,Mecha-Streisand,12,1997,Gun Control,1
1,12,Mecha-Streisand,12,1997,Healthcare Reform,2
1,12,Mecha-Streisand,12,1997,Russia,1
1,12,Mecha-Streisand,12,1997,Technology Privacy,1
1,13,Cartman's Mom is a Dirty Slut,13,1997,Abortion,2
1,13,Cartman's Mom is a Dirty Slut,13,1997,Criminal Justice Reform,3
1,13,Cartman's Mom is a Dirty Slut,13,1997,Immigration,2
1,13,Cartman's Mom is a Dirty Slut,13,1997,Income Inequality,1
1,13,Cartman's Mom is a Dirty Slut,13,1997,Iraq Afghanistan Wars,1
1,13,Cartman's Mom is a Dirty Slut,13,1997,LGBTQ Rights,4
1,13,Cartman's Mom is a Dirty Slut,13,1997,Technology Privacy,1
2,1,Terrance and Phillip in Not Without My Anus,14,1998,Abortion,2
2,1,Terrance and Phillip in Not Without My Anus,14,1998,Immigration,41
2,1,Terrance and Phillip in Not Without My Anus,14,1998,Iraq Afghanistan Wars,18
2,1,Terrance and Phillip in Not Without My Anus,14,1998,LGBTQ Rights,1
2,1,Terrance and Phillip in Not Without My Anus,14,1998,Middle East Conflict,13
2,2,Cartman's Mom is Still a Dirty Slut,15,1998,Abortion,8
2,2,Cartman's Mom is Still a Dirty Slut,15,1998,Criminal Justice Reform,5
2,2,Cartman's Mom is Still a Dirty Slut,15,1998,Gun Control,3
2,2,Cartman's Mom is Still a Dirty Slut,15,1998,Healthcare Reform,10
2,2,Cartman's Mom is Still a Dirty Slut,15,1998,Income Inequality,1
2,2,Cartman's Mom is Still a Dirty Slut,15,1998,Iraq Afghanistan Wars,1
2,3,Chickenlover,16,1998,Criminal Justice Reform,31
2,3,Chickenlover,16,1998,Income Inequality,1
2,3,Chickenlover,16,1998,LGBTQ Rights,1
2,3,Chickenlover,16,1998,Minimum Wage Labor,3
2,3,Chickenlover,16,1998,Social Security Medicare,1
2,3,Chickenlover,16,1998,Tax Policy,1
2,4,Ike's Wee Wee,17,1998,Abortion,7
2,4,Ike's Wee Wee,17,1998,Drug Policy,5
2,4,Ike's Wee Wee,17,1998,Education Reform,2
2,4,Ike's Wee Wee,17,1998,Immigration,7
2,4,Ike's Wee Wee,17,1998,Minimum Wage Labor,1
2,4,Ike's Wee Wee,17,1998,Social Security Medicare,1
2,5,Conjoined Fetus Lady,18,1998,Abortion,16
2,5,Conjoined Fetus Lady,18,1998,Education Reform,2
2,5,Conjoined Fetus Lady,18,1998,Immigration,2
2,5,Conjoined Fetus Lady,18,1998,Income Inequality,3
2,5,Conjoined Fetus Lady,18,1998,LGBTQ Rights,1
2,6,The Mexican Staring Frog of Southern Sri Lanka,19,1998,Abortion,1
2,6,The Mexican Staring Frog of Southern Sri Lanka,19,1998,Immigration,19
2,6,The Mexican Staring Frog of Southern Sri Lanka,19,1998,Minimum Wage Labor,1
2,6,The Mexican Staring Frog of Southern Sri Lanka,19,1998,Social Security Medicare,4
2,7,City on the Edge of Forever,20,1998,Abortion,2
2,7,City on the Edge of Forever,20,1998,Gun Control,1
2,7,City on the Edge of Forever,20,1998,Immigration,10
2,7,City on the Edge of Forever,20,1998,LGBTQ Rights,2
2,8,Summer Sucks,21,1998,Abortion,2
2,8,Summer Sucks,21,1998,Cancel Culture Free Speech,4
2,8,Summer Sucks,21,1998,Criminal Justice Reform,1
2,8,Summer Sucks,21,1998,Immigration,2
2,8,Summer Sucks,21,1998,Income Inequality,1
2,8,Summer Sucks,21,1998,LGBTQ Rights,5
2,8,Summer Sucks,21,1998,Technology Privacy,2
2,9,Chef's Chocolate Salty Balls,22,1998,Criminal Justice Reform,1
2,9,Chef's Chocolate Salty Balls,22,1998,Education Reform,1
2,9,Chef's Chocolate Salty Balls,22,1998,Income Inequality,1
2,9,Chef's Chocolate Salty Balls,22,1998,LGBTQ Rights,3
2,9,Chef's Chocolate Salty Balls,22,1998,Russia,1
2,9,Chef's Chocolate Salty Balls,22,1998,Tax Policy,1
2,9,Chef's Chocolate Salty Balls,22,1998,Technology Privacy,6
2,10,Chickenpox,23,1998,Abortion,1
2,10,Chickenpox,23,1998,Cancel Culture Free Speech,1
2,10,Chickenpox,23,1998,Education Reform,3
2,10,Chickenpox,23,1998,Healthcare Reform,11
2,10,Chickenpox,23,1998,Income Inequality,4
2,10,Chickenpox,23,1998,Inflation Cost of Living,1
2,10,Chickenpox,23,1998,Unemployment Jobs,1
2,11,Roger Ebert Should Lay off the Fatty Foods,24,1998,Abortion,1
2,11,Roger Ebert Should Lay off the Fatty Foods,24,1998,Criminal Justice Reform,6
2,11,Roger Ebert Should Lay off the Fatty Foods,24,1998,Unemployment Jobs,1
2,12,Clubhouses,25,1998,Abortion,1
2,12,Clubhouses,25,1998,Education Reform,1
2,12,Clubhouses,25,1998,Income Inequality,1
2,12,Clubhouses,25,1998,Social Security Medicare,2
2,13,Cow Days,26,1998,Criminal Justice Reform,6
2,13,Cow Days,26,1998,Immigration,1
2,13,Cow Days,26,1998,Income Inequality,1
2,13,Cow Days,26,1998,Iraq Afghanistan Wars,4
2,13,Cow Days,26,1998,LGBTQ Rights,2
2,13,Cow Days,26,1998,Race Civil Rights,1
2,13,Cow Days,26,1998,Social Security Medicare,4
2,13,Cow Days,26,1998,Tax Policy,1
2,14,Chef Aid,27,1998,Abortion,2
2,14,Chef Aid,27,1998,Criminal Justice Reform,11
2,14,Chef Aid,27,1998,Healthcare Reform,2
2,14,Chef Aid,27,1998,LGBTQ Rights,3
2,15,Spookyfish,28,1998,Abortion,9
2,15,Spookyfish,28,1998,Cancel Culture Free Speech,1
2,15,Spookyfish,28,1998,Criminal Justice Reform,3
2,15,Spookyfish,28,1998,Drug Policy,3
2,15,Spookyfish,28,1998,Gun Control,3
2,15,Spookyfish,28,1998,Healthcare Reform,1
2,15,Spookyfish,28,1998,Income Inequality,1
2,15,Spookyfish,28,1998,Inflation Cost of Living,2
2,15,Spookyfish,28,1998,Race Civil Rights,1
2,16,Merry Christmas Charlie Manson!,29,1998,Criminal Justice Reform,10
2,16,Merry Christmas Charlie Manson!,29,1998,Drug Policy,2
2,16,Merry Christmas Charlie Manson!,29,1998,Gun Control,1
2,16,Merry Christmas Charlie Manson!,29,1998,Income Inequality,1
2,17,Gnomes,30,1998,Criminal Justice Reform,1
2,17,Gnomes,30,1998,Drug Policy,1
2,17,Gnomes,30,1998,Education Reform,2
2,17,Gnomes,30,1998,Gun Control,1
2,17,Gnomes,30,1998,Healthcare Reform,1
2,17,Gnomes,30,1998,Income Inequality,3
2,17,Gnomes,30,1998,Race Civil Rights,4
2,17,Gnomes,30,1998,Social Security Medicare,1
2,17,Gnomes,30,1998,Tax Policy,1
2,17,Gnomes,30,1998,Terrorism,1
2,17,Gnomes,30,1998,Voting Rights Election Security,1
2,18,Prehistoric Ice Man,31,1998,Abortion,1
2,18,Prehistoric Ice Man,31,1998,Education Reform,1
2,18,Prehistoric Ice Man,31,1998,Healthcare Reform,1
2,18,Prehistoric Ice Man,31,1998,Immigration,20
2,18,Prehistoric Ice Man,31,1998,Inflation Cost of Living,1
2,18,Prehistoric Ice Man,31,1998,Iraq Afghanistan Wars,1
2,18,Prehistoric Ice Man,31,1998,LGBTQ Rights,1
3,1,Rainforest Shmainforest,32,1999,Criminal Justice Reform,1
3,1,Rainforest Shmainforest,32,1999,Education Reform,1
3,1,Rainforest Shmainforest,32,1999,Immigration,1
3,1,Rainforest Shmainforest,32,1999,Income Inequality,3
3,1,Rainforest Shmainforest,32,1999,LGBTQ Rights,10
3,1,Rainforest Shmainforest,32,1999,Race Civil Rights,1
3,1,Rainforest Shmainforest,32,1999,Unemployment Jobs,1
3,2,Spontaneous Combustion,33,1999,Abortion,2
3,2,Spontaneous Combustion,33,1999,Climate Change,4
3,2,Spontaneous Combustion,33,1999,Criminal Justice Reform,1
3,2,Spontaneous Combustion,33,1999,Drug Policy,1
3,2,Spontaneous Combustion,33,1999,Immigration,1
3,3,The Succubus,34,1999,Abortion,3
3,3,The Succubus,34,1999,Education Reform,1
3,3,The Succubus,34,1999,Healthcare Reform,10
3,3,The Succubus,34,1999,Immigration,1
3,3,The Succubus,34,1999,Inflation Cost of Living,1
3,3,The Succubus,34,1999,Technology Privacy,1
3,3,The Succubus,34,1999,Terrorism,1
3,4,Jakovasaurs,35,1999,Abortion,4
3,4,Jakovasaurs,35,1999,Drug Policy,2
3,4,Jakovasaurs,35,1999,Immigration,3
3,4,Jakovasaurs,35,1999,Social Security Medicare,1
3,4,Jakovasaurs,35,1999,Technology Privacy,1
3,5,Tweek vs. Craig,36,1999,Abortion,1
3,5,Tweek vs. Craig,36,1999,Healthcare Reform,1
3,5,Tweek vs. Craig,36,1999,LGBTQ Rights,1
3,5,Tweek vs. Craig,36,1999,Technology Privacy,1
3,5,Tweek vs. Craig,36,1999,Unemployment Jobs,1
3,6,Sexual Harassment Panda,37,1999,Abortion,1
3,6,Sexual Harassment Panda,37,1999,Education Reform,2
3,6,Sexual Harassment Panda,37,1999,Immigration,2
3,6,Sexual Harassment Panda,37,1999,Inflation Cost of Living,2
3,6,Sexual Harassment Panda,37,1999,Middle East Conflict,1
3,6,Sexual Harassment Panda,37,1999,Social Security Medicare,2
3,6,Sexual Harassment Panda,37,1999,Tax Policy,3
3,7,Cat Orgy,38,1999,Healthcare Reform,1
3,7,Cat Orgy,38,1999,LGBTQ Rights,1
3,7,Cat Orgy,38,1999,Social Security Medicare,1
3,8,Two Guys Naked in a Hot Tub,39,1999,Criminal Justice Reform,2
3,8,Two Guys Naked in a Hot Tub,39,1999,Education Reform,1
3,8,Two Guys Naked in a Hot Tub,39,1999,Gun Control,1
3,8,Two Guys Naked in a Hot Tub,39,1999,LGBTQ Rights,9
3,8,Two Guys Naked in a Hot Tub,39,1999,Technology Privacy,3
3,8,Two Guys Naked in a Hot Tub,39,1999,Voting Rights Election Security,1
3,9,Jewbilee,40,1999,Criminal Justice Reform,1
3,10,Korn's Groovy Pirate Ghost Mystery,41,1999,Cancel Culture Free Speech,2
3,10,Korn's Groovy Pirate Ghost Mystery,41,1999,Criminal Justice Reform,1
3,10,Korn's Groovy Pirate Ghost Mystery,41,1999,LGBTQ Rights,1
3,10,Korn's Groovy Pirate Ghost Mystery,41,1999,Russia,3
3,11,Chinpokomon,42,1999,Iraq Afghanistan Wars,1
3,11,Chinpokomon,42,1999,LGBTQ Rights,7
3,11,Chinpokomon,42,1999,Unemployment Jobs,1
3,11,Chinpokomon,42,1999,Voting Rights Election Security,6
3,12,Hooked on Monkey Fonics,43,1999,Abortion,2
3,12,Hooked on Monkey Fonics,43,1999,Criminal Justice Reform,1
3,12,Hooked on Monkey Fonics,43,1999,Education Reform,2
3,12,Hooked on Monkey Fonics,43,1999,Gun Control,1
3,12,Hooked on Monkey Fonics,43,1999,Healthcare Reform,1
3,13,Starvin' Marvin in Space,44,1999,Criminal Justice Reform,1
3,13,Starvin' Marvin in Space,44,1999,Gun Control,3
3,13,Starvin' Marvin in Space,44,1999,Immigration,1
3,13,Starvin' Marvin in Space,44,1999,Income Inequality,2
3,13,Starvin' Marvin in Space,44,1999,LGBTQ Rights,2
3,13,Starvin' Marvin in Space,44,1999,Terrorism,1
3,14,The Red Badge of Gayness,45,1999,Criminal Justice Reform,2
3,14,The Red Badge of Gayness,45,1999,Iraq Afghanistan Wars,3
3,14,The Red Badge of Gayness,45,1999,LGBTQ Rights,3
3,14,The Red Badge of Gayness,45,1999,Minimum Wage Labor,9
3,14,The Red Badge of Gayness,45,1999,Race Civil Rights,11
3,14,The Red Badge of Gayness,45,1999,Technology Privacy,1
3,15,Mr. Hankey's Christmas Classics,46,1999,Income Inequality,1
3,15,Mr. Hankey's Christmas Classics,46,1999,LGBTQ Rights,2
3,15,Mr. Hankey's Christmas Classics,46,1999,Middle East Conflict,1
3,15,Mr. Hankey's Christmas Classics,46,1999,Terrorism,1
3,16,"Are You There God? It's Me, Jesus",47,1999,Abortion,1
3,16,"Are You There God? It's Me, Jesus",47,1999,Gun Control,1
3,16,"Are You There God? It's Me, Jesus",47,1999,Healthcare Reform,1
3,16,"Are You There God? It's Me, Jesus",47,1999,Iraq Afghanistan Wars,1
3,16,"Are You There God? It's Me, Jesus",47,1999,LGBTQ Rights,6
3,17,World Wide Recorder Concert,48,1999,Gun Control,6
3,17,World Wide Recorder Concert,48,1999,LGBTQ Rights,1
4,1,The Tooth Fairy Tats 2000,49,2000,Abortion,4
4,1,The Tooth Fairy Tats 2000,49,2000,Cancel Culture Free Speech,2
4,1,The Tooth Fairy Tats 2000,49,2000,Criminal Justice Reform,2
4,1,The Tooth Fairy Tats 2000,49,2000,Education Reform,1
4,1,The Tooth Fairy Tats 2000,49,2000,Income Inequality,2
4,2,Cartman's Silly Hate Crime 2000,50,2000,Criminal Justice Reform,11
4,2,Cartman's Silly Hate Crime 2000,50,2000,Immigration,5
4,2,Cartman's Silly Hate Crime 2000,50,2000,Income Inequality,1
4,2,Cartman's Silly Hate Crime 2000,50,2000,LGBTQ Rights,1
4,2,Cartman's Silly Hate Crime 2000,50,2000,Race Civil Rights,16
4,2,Cartman's Silly Hate Crime 2000,50,2000,Russia,1
4,2,Cartman's Silly Hate Crime 2000,50,2000,Unemployment Jobs,1
4,3,Timmy 2000,51,2000,Drug Policy,1
4,3,Timmy 2000,51,2000,Healthcare Reform,4
4,3,Timmy 2000,51,2000,Income Inequality,2
4,3,Timmy 2000,51,2000,LGBTQ Rights,1
4,3,Timmy 2000,51,2000,Tax Policy,10
4,4,Quintuplets 2000,52,2000,Criminal Justice Reform,4
4,4,Quintuplets 2000,52,2000,Gun Control,1
4,4,Quintuplets 2000,52,2000,Immigration,1
4,4,Quintuplets 2000,52,2000,Income Inequality,5
4,4,Quintuplets 2000,52,2000,Inflation Cost of Living,1
4,4,Quintuplets 2000,52,2000,LGBTQ Rights,2
4,4,Quintuplets 2000,52,2000,Minimum Wage Labor,2
4,4,Quintuplets 2000,52,2000,Race Civil Rights,2
4,5,Cartman Joins NAMBLA,53,2000,Abortion,14
4,5,Cartman Joins NAMBLA,53,2000,Cancel Culture Free Speech,1
4,5,Cartman Joins NAMBLA,53,2000,Criminal Justice Reform,3
4,5,Cartman Joins NAMBLA,53,2000,Healthcare Reform,1
4,5,Cartman Joins NAMBLA,53,2000,Income Inequality,2
4,5,Cartman Joins NAMBLA,53,2000,LGBTQ Rights,1
4,5,Cartman Joins NAMBLA,53,2000,Race Civil Rights,1
4,5,Cartman Joins NAMBLA,53,2000,Social Security Medicare,1
4,5,Cartman Joins NAMBLA,53,2000,Tax Policy,2
4,6,Cherokee Hair Tampons,54,2000,Criminal Justice Reform,1
4,6,Cherokee Hair Tampons,54,2000,Drug Policy,1
4,6,Cherokee Hair Tampons,54,2000,Education Reform,1
4,6,Cherokee Hair Tampons,54,2000,Gun Control,2
4,6,Cherokee Hair Tampons,54,2000,Healthcare Reform,8
4,6,Cherokee Hair Tampons,54,2000,Immigration,2
4,6,Cherokee Hair Tampons,54,2000,Income Inequality,1
4,6,Cherokee Hair Tampons,54,2000,LGBTQ Rights,1
4,7,Chef Goes Nanners,55,2000,Abortion,1
4,7,Chef Goes Nanners,55,2000,Cancel Culture Free Speech,1
4,7,Chef Goes Nanners,55,2000,Criminal Justice Reform,3
4,7,Chef Goes Nanners,55,2000,Gun Control,1
4,7,Chef Goes Nanners,55,2000,Income Inequality,2
4,7,Chef Goes Nanners,55,2000,Race Civil Rights,25
4,7,Chef Goes Nanners,55,2000,Technology Privacy,2
4,8,Something You Can Do with Your Finger,56,2000,Abortion,1
4,8,Something You Can Do with Your Finger,56,2000,Criminal Justice Reform,3
4,8,Something You Can Do with Your Finger,56,2000,Drug Policy,1
4,8,Something You Can Do with Your Finger,56,2000,Gun Control,1
4,8,Something You Can Do with Your Finger,56,2000,Terrorism,1
4,9,Do the Handicapped Go to Hell?,57,2000,Criminal Justice Reform,1
4,9,Do the Handicapped Go to Hell?,57,2000,Income Inequality,1
4,9,Do the Handicapped Go to Hell?,57,2000,Iraq Afghanistan Wars,19
4,9,Do the Handicapped Go to Hell?,57,2000,Terrorism,1
4,10,Probably,58,2000,Abortion,1
4,10,Probably,58,2000,Immigration,4
4,10,Probably,58,2000,Iraq Afghanistan Wars,21
4,10,Probably,58,2000,Tax Policy,1
4,10,Probably,58,2000,Technology Privacy,2
4,11,Fourth Grade,59,2000,Criminal Justice Reform,1
4,11,Fourth Grade,59,2000,Education Reform,1
4,11,Fourth Grade,59,2000,Healthcare Reform,1
4,11,Fourth Grade,59,2000,Immigration,1
4,11,Fourth Grade,59,2000,LGBTQ Rights,12
4,11,Fourth Grade,59,2000,Social Security Medicare,1
4,11,Fourth Grade,59,2000,Technology Privacy,1
4,11,Fourth Grade,59,2000,Voting Rights Election Security,1
4,12,Trapper Keeper,60,2000,Abortion,1
4,12,Trapper Keeper,60,2000,Criminal Justice Reform,1
4,12,Trapper Keeper,60,2000,Gun Control,1
4,12,Trapper Keeper,60,2000,Healthcare Reform,1
4,12,Trapper Keeper,60,2000,Immigration,2
4,12,Trapper Keeper,60,2000,Income Inequality,2
4,12,Trapper Keeper,60,2000,LGBTQ Rights,1
4,12,Trapper Keeper,60,2000,Technology Privacy,2
4,12,Trapper Keeper,60,2000,Unemployment Jobs,1
4,12,Trapper Keeper,60,2000,Voting Rights Election Security,5
4,13,Helen Keller! The Musical,61,2000,Abortion,2
4,13,Helen Keller! The Musical,61,2000,Gun Control,3
4,13,Helen Keller! The Musical,61,2000,Healthcare Reform,1
4,13,Helen Keller! The Musical,61,2000,Income Inequality,2
4,13,Helen Keller! The Musical,61,2000,LGBTQ Rights,1
4,13,Helen Keller! The Musical,61,2000,Minimum Wage Labor,2
4,13,Helen Keller! The Musical,61,2000,Russia,1
4,13,Helen Keller! The Musical,61,2000,Terrorism,2
4,14,Pip,62,2000,Abortion,4
4,14,Pip,62,2000,Criminal Justice Reform,1
4,14,Pip,62,2000,Immigration,2
4,14,Pip,62,2000,Income Inequality,5
4,14,Pip,62,2000,LGBTQ Rights,1
4,14,Pip,62,2000,Technology Privacy,2
4,15,Fat Camp,63,2000,Abortion,1
4,15,Fat Camp,63,2000,Criminal Justice Reform,3
4,15,Fat Camp,63,2000,Drug Policy,2
4,15,Fat Camp,63,2000,Immigration,3
4,15,Fat Camp,63,2000,LGBTQ Rights,2
4,16,The Wacky Molestation Adventure,64,2000,Criminal Justice Reform,15
4,16,The Wacky Molestation Adventure,64,2000,Race Civil Rights,1
4,16,The Wacky Molestation Adventure,64,2000,Tax Policy,1
4,17,A Very Crappy Christmas,65,2000,Income Inequality,1
4,17,A Very Crappy Christmas,65,2000,Inflation Cost of Living,2
4,17,A Very Crappy Christmas,65,2000,LGBTQ Rights,1
4,17,A Very Crappy Christmas,65,2000,Minimum Wage Labor,1
4,17,A Very Crappy Christmas,65,2000,Social Security Medicare,1
4,17,A Very Crappy Christmas,65,2000,Tax Policy,2
4,17,A Very Crappy Christmas,65,2000,Unemployment Jobs,1
4,17,A Very Crappy Christmas,65,2000,Voting Rights Election Security,1
5,1,It Hits the Fan,66,2001,Abortion,1
5,1,It Hits the Fan,66,2001,Cancel Culture Free Speech,1
5,1,It Hits the Fan,66,2001,Criminal Justice Reform,11
5,1,It Hits the Fan,66,2001,Education Reform,1
5,1,It Hits the Fan,66,2001,LGBTQ Rights,3
5,1,It Hits the Fan,66,2001,Race Civil Rights,1
5,1,It Hits the Fan,66,2001,Voting Rights Election Security,1
5,2,Cripple Fight,67,2001,Drug Policy,1
5,2,Cripple Fight,67,2001,Immigration,1
5,2,Cripple Fight,67,2001,Iraq Afghanistan Wars,1
5,2,Cripple Fight,67,2001,LGBTQ Rights,21
5,2,Cripple Fight,67,2001,Race Civil Rights,1
5,2,Cripple Fight,67,2001,Social Security Medicare,1
5,3,Super Best Friends,68,2001,Immigration,4
5,3,Super Best Friends,68,2001,Income Inequality,1
5,3,Super Best Friends,68,2001,Tax Policy,8
5,4,Scott Tenorman Must Die,69,2001,Criminal Justice Reform,2
5,4,Scott Tenorman Must Die,69,2001,Healthcare Reform,1
5,4,Scott Tenorman Must Die,69,2001,Income Inequality,2
5,4,Scott Tenorman Must Die,69,2001,LGBTQ Rights,2
5,4,Scott Tenorman Must Die,69,2001,Race Civil Rights,1
5,4,Scott Tenorman Must Die,69,2001,Tax Policy,3
5,5,Terrance and Phillip: Behind the Blow,70,2001,Abortion,3
5,5,Terrance and Phillip: Behind the Blow,70,2001,Climate Change,4
5,5,Terrance and Phillip: Behind the Blow,70,2001,Healthcare Reform,2
5,5,Terrance and Phillip: Behind the Blow,70,2001,Immigration,13
5,5,Terrance and Phillip: Behind the Blow,70,2001,LGBTQ Rights,1
5,5,Terrance and Phillip: Behind the Blow,70,2001,Minimum Wage Labor,1
5,5,Terrance and Phillip: Behind the Blow,70,2001,Race Civil Rights,1
5,5,Terrance and Phillip: Behind the Blow,70,2001,Russia,1
5,6,Cartmanland,71,2001,Abortion,1
5,6,Cartmanland,71,2001,Cancel Culture Free Speech,1
5,6,Cartmanland,71,2001,Drug Policy,1
5,6,Cartmanland,71,2001,Healthcare Reform,5
5,6,Cartmanland,71,2001,Income Inequality,2
5,6,Cartmanland,71,2001,LGBTQ Rights,2
5,6,Cartmanland,71,2001,Tax Policy,2
5,6,Cartmanland,71,2001,Technology Privacy,1
5,6,Cartmanland,71,2001,Voting Rights Election Security,1
5,7,Proper Condom Use,72,2001,Abortion,4
5,7,Proper Condom Use,72,2001,Education Reform,8
5,8,Towelie,73,2001,Gun Control,4
5,8,Towelie,73,2001,Income Inequality,2
5,8,Towelie,73,2001,Iraq Afghanistan Wars,4
5,8,Towelie,73,2001,Russia,1
5,8,Towelie,73,2001,Technology Privacy,2
5,8,Towelie,73,2001,Trade Policy,1
5,8,Towelie,73,2001,Voting Rights Election Security,1
5,9,Osama bin Laden Has Farty Pants,74,2001,Abortion,1
5,9,Osama bin Laden Has Farty Pants,74,2001,Gun Control,1
5,9,Osama bin Laden Has Farty Pants,74,2001,Immigration,3
5,9,Osama bin Laden Has Farty Pants,74,2001,Inflation Cost of Living,1
5,9,Osama bin Laden Has Farty Pants,74,2001,Iraq Afghanistan Wars,32
5,9,Osama bin Laden Has Farty Pants,74,2001,LGBTQ Rights,1
5,9,Osama bin Laden Has Farty Pants,74,2001,Technology Privacy,2
5,9,Osama bin Laden Has Farty Pants,74,2001,Terrorism,8
5,10,How to Eat with Your Butt,75,2001,Cancel Culture Free Speech,1
5,10,How to Eat with Your Butt,75,2001,Gun Control,1
5,10,How to Eat with Your Butt,75,2001,Income Inequality,1
5,10,How to Eat with Your Butt,75,2001,LGBTQ Rights,3
5,10,How to Eat with Your Butt,75,2001,Tax Policy,1
5,11,The Entity,76,2001,Abortion,1
5,11,The Entity,76,2001,Criminal Justice Reform,1
5,11,The Entity,76,2001,Education Reform,1
5,11,The Entity,76,2001,Income Inequality,1
5,11,The Entity,76,2001,LGBTQ Rights,1
5,11,The Entity,76,2001,Terrorism,1
5,11,The Entity,76,2001,Unemployment Jobs,1
5,12,Here Comes the Neighborhood,77,2001,Criminal Justice Reform,1
5,12,Here Comes the Neighborhood,77,2001,Drug Policy,1
5,12,Here Comes the Neighborhood,77,2001,Healthcare Reform,1
5,12,Here Comes the Neighborhood,77,2001,Income Inequality,5
5,12,Here Comes the Neighborhood,77,2001,Inflation Cost of Living,4
5,12,Here Comes the Neighborhood,77,2001,Tax Policy,1
5,12,Here Comes the Neighborhood,77,2001,Unemployment Jobs,1
5,13,Kenny Dies,78,2001,Abortion,10
5,13,Kenny Dies,78,2001,Cancel Culture Free Speech,1
5,13,Kenny Dies,78,2001,Education Reform,1
5,13,Kenny Dies,78,2001,Healthcare Reform,13
5,13,Kenny Dies,78,2001,Tax Policy,1
5,13,Kenny Dies,78,2001,Technology Privacy,6
5,14,Butters' Very Own Episode,79,2001,Abortion,6
5,14,Butters' Very Own Episode,79,2001,Cancel Culture Free Speech,1
5,14,Butters' Very Own Episode,79,2001,Criminal Justice Reform,2
5,14,Butters' Very Own Episode,79,2001,Drug Policy,1
5,14,Butters' Very Own Episode,79,2001,Gun Control,1
5,14,Butters' Very Own Episode,79,2001,Immigration,1
5,14,Butters' Very Own Episode,79,2001,Income Inequality,1
5,14,Butters' Very Own Episode,79,2001,LGBTQ Rights,3
5,14,Butters' Very Own Episode,79,2001,Russia,1
6,1,Jared Has Aides,80,2002,Inflation Cost of Living,1
6,1,Jared Has Aides,80,2002,LGBTQ Rights,1
6,1,Jared Has Aides,80,2002,Minimum Wage Labor,1
6,1,Jared Has Aides,80,2002,Terrorism,2
6,2,Asspen,81,2002,Criminal Justice Reform,3
6,2,Asspen,81,2002,Income Inequality,1
6,2,Asspen,81,2002,Inflation Cost of Living,4
6,2,Asspen,81,2002,LGBTQ Rights,3
6,2,Asspen,81,2002,Tax Policy,1
6,2,Asspen,81,2002,Voting Rights Election Security,1
6,3,Freak Strike,82,2002,Abortion,1
6,3,Freak Strike,82,2002,Criminal Justice Reform,1
6,3,Freak Strike,82,2002,Drug Policy,2
6,3,Freak Strike,82,2002,Gun Control,1
6,3,Freak Strike,82,2002,Healthcare Reform,1
6,3,Freak Strike,82,2002,Income Inequality,3
6,3,Freak Strike,82,2002,Inflation Cost of Living,1
6,3,Freak Strike,82,2002,LGBTQ Rights,1
6,3,Freak Strike,82,2002,Minimum Wage Labor,13
6,3,Freak Strike,82,2002,Social Security Medicare,2
6,3,Freak Strike,82,2002,Unemployment Jobs,1
6,4,Fun with Veal,83,2002,Abortion,20
6,4,Fun with Veal,83,2002,Criminal Justice Reform,4
6,4,Fun with Veal,83,2002,Gun Control,2
6,4,Fun with Veal,83,2002,Immigration,3
6,4,Fun with Veal,83,2002,Income Inequality,2
6,4,Fun with Veal,83,2002,LGBTQ Rights,3
6,4,Fun with Veal,83,2002,Terrorism,3
6,5,The New Terrance and Phillip Movie Trailer,84,2002,Abortion,1
6,5,The New Terrance and Phillip Movie Trailer,84,2002,Cancel Culture Free Speech,1
6,5,The New Terrance and Phillip Movie Trailer,84,2002,Drug Policy,1
6,5,The New Terrance and Phillip Movie Trailer,84,2002,Gun Control,1
6,5,The New Terrance and Phillip Movie Trailer,84,2002,Healthcare Reform,2
6,5,The New Terrance and Phillip Movie Trailer,84,2002,Immigration,1
6,5,The New Terrance and Phillip Movie Trailer,84,2002,LGBTQ Rights,1
6,5,The New Terrance and Phillip Movie Trailer,84,2002,Middle East Conflict,1
6,5,The New Terrance and Phillip Movie Trailer,84,2002,Technology Privacy,1
6,5,The New Terrance and Phillip Movie Trailer,84,2002,Unemployment Jobs,2
6,6,Professor Chaos,85,2002,Immigration,1
6,6,Professor Chaos,85,2002,Tax Policy,2
6,7,The Simpsons Already Did It,86,2002,Criminal Justice Reform,3
6,7,The Simpsons Already Did It,86,2002,Education Reform,1
6,7,The Simpsons Already Did It,86,2002,Healthcare Reform,1
6,7,The Simpsons Already Did It,86,2002,Middle East Conflict,1
6,7,The Simpsons Already Did It,86,2002,Race Civil Rights,6
6,7,The Simpsons Already Did It,86,2002,Russia,1
6,7,The Simpsons Already Did It,86,2002,Tax Policy,1
6,8,Red Hot Catholic Love,87,2002,Cancel Culture Free Speech,1
6,8,Red Hot Catholic Love,87,2002,Income Inequality,1
6,8,Red Hot Catholic Love,87,2002,Minimum Wage Labor,1
6,8,Red Hot Catholic Love,87,2002,Social Security Medicare,1
6,9,Free Hat,88,2002,Abortion,2
6,9,Free Hat,88,2002,Criminal Justice Reform,5
6,9,Free Hat,88,2002,Drug Policy,1
6,9,Free Hat,88,2002,Immigration,2
6,9,Free Hat,88,2002,Income Inequality,1
6,9,Free Hat,88,2002,Inflation Cost of Living,2
6,9,Free Hat,88,2002,LGBTQ Rights,4
6,9,Free Hat,88,2002,Race Civil Rights,1
6,9,Free Hat,88,2002,Russia,1
6,9,Free Hat,88,2002,Social Security Medicare,1
6,9,Free Hat,88,2002,Terrorism,2
6,10,Bebe's Boobs Destroy Society,89,2002,Healthcare Reform,2
6,10,Bebe's Boobs Destroy Society,89,2002,Immigration,1
6,10,Bebe's Boobs Destroy Society,89,2002,LGBTQ Rights,1
6,10,Bebe's Boobs Destroy Society,89,2002,Russia,1
6,11,Child Abduction is Not Funny,90,2002,Criminal Justice Reform,3
6,11,Child Abduction is Not Funny,90,2002,Education Reform,1
6,11,Child Abduction is Not Funny,90,2002,Gun Control,1
6,11,Child Abduction is Not Funny,90,2002,Immigration,17
6,11,Child Abduction is Not Funny,90,2002,Russia,1
6,11,Child Abduction is Not Funny,90,2002,Social Security Medicare,1
6,11,Child Abduction is Not Funny,90,2002,Terrorism,1
6,12,A Ladder to Heaven,91,2002,Abortion,1
6,12,A Ladder to Heaven,91,2002,Drug Policy,1
6,12,A Ladder to Heaven,91,2002,Income Inequality,2
6,12,A Ladder to Heaven,91,2002,Iraq Afghanistan Wars,15
6,12,A Ladder to Heaven,91,2002,LGBTQ Rights,4
6,12,A Ladder to Heaven,91,2002,Technology Privacy,3
6,12,A Ladder to Heaven,91,2002,Terrorism,1
6,13,The Return of the Fellowship of the Ring to the Two Towers,92,2002,Abortion,1
6,13,The Return of the Fellowship of the Ring to the Two Towers,92,2002,Immigration,1
6,13,The Return of the Fellowship of the Ring to the Two Towers,92,2002,Income Inequality,1
6,13,The Return of the Fellowship of the Ring to the Two Towers,92,2002,Inflation Cost of Living,1
6,13,The Return of the Fellowship of the Ring to the Two Towers,92,2002,LGBTQ Rights,2
6,13,The Return of the Fellowship of the Ring to the Two Towers,92,2002,Tax Policy,1
6,13,The Return of the Fellowship of the Ring to the Two Towers,92,2002,Voting Rights Election Security,1
6,14,The Death Camp of Tolerance,93,2002,Immigration,1
6,14,The Death Camp of Tolerance,93,2002,Income Inequality,2
6,14,The Death Camp of Tolerance,93,2002,LGBTQ Rights,19
6,14,The Death Camp of Tolerance,93,2002,Race Civil Rights,2
6,14,The Death Camp of Tolerance,93,2002,Russia,1
6,14,The Death Camp of Tolerance,93,2002,Technology Privacy,1
6,14,The Death Camp of Tolerance,93,2002,Terrorism,1
6,15,The Biggest Douche in the Universe,94,2002,Abortion,5
6,15,The Biggest Douche in the Universe,94,2002,Criminal Justice Reform,2
6,15,The Biggest Douche in the Universe,94,2002,Drug Policy,4
6,15,The Biggest Douche in the Universe,94,2002,Healthcare Reform,5
6,15,The Biggest Douche in the Universe,94,2002,Immigration,1
6,15,The Biggest Douche in the Universe,94,2002,Unemployment Jobs,1
6,16,My Future Self n' Me,95,2002,Abortion,4
6,16,My Future Self n' Me,95,2002,Criminal Justice Reform,3
6,16,My Future Self n' Me,95,2002,Drug Policy,12
6,16,My Future Self n' Me,95,2002,Immigration,1
6,16,My Future Self n' Me,95,2002,LGBTQ Rights,2
6,16,My Future Self n' Me,95,2002,Technology Privacy,1
6,16,My Future Self n' Me,95,2002,Terrorism,3
6,17,Red Sleigh Down,96,2002,Income Inequality,1
6,17,Red Sleigh Down,96,2002,Iraq Afghanistan Wars,10
6,17,Red Sleigh Down,96,2002,LGBTQ Rights,3
6,17,Red Sleigh Down,96,2002,Middle East Conflict,1
6,17,Red Sleigh Down,96,2002,Technology Privacy,4
7,1,Cancelled,97,2003,Abortion,4
7,1,Cancelled,97,2003,Cancel Culture Free Speech,6
7,1,Cancelled,97,2003,Climate Change,1
7,1,Cancelled,97,2003,Criminal Justice Reform,3
7,1,Cancelled,97,2003,Drug Policy,1
7,1,Cancelled,97,2003,Healthcare Reform,5
7,1,Cancelled,97,2003,Immigration,2
7,1,Cancelled,97,2003,Income Inequality,1
7,1,Cancelled,97,2003,LGBTQ Rights,2
7,1,Cancelled,97,2003,Minimum Wage Labor,1
7,2,Krazy Kripples,98,2003,Abortion,5
7,2,Krazy Kripples,98,2003,Criminal Justice Reform,3
7,2,Krazy Kripples,98,2003,Drug Policy,1
7,2,Krazy Kripples,98,2003,Education Reform,1
7,2,Krazy Kripples,98,2003,Immigration,2
7,2,Krazy Kripples,98,2003,Inflation Cost of Living,1
7,2,Krazy Kripples,98,2003,Race Civil Rights,1
7,2,Krazy Kripples,98,2003,Technology Privacy,1
7,3,Toilet Paper,99,2003,Criminal Justice Reform,23
7,3,Toilet Paper,99,2003,Drug Policy,2
7,3,Toilet Paper,99,2003,Healthcare Reform,1
7,3,Toilet Paper,99,2003,Immigration,2
7,3,Toilet Paper,99,2003,Inflation Cost of Living,1
7,3,Toilet Paper,99,2003,Iraq Afghanistan Wars,1
7,3,Toilet Paper,99,2003,Middle East Conflict,1
7,3,Toilet Paper,99,2003,Social Security Medicare,1
7,4,I'm a Little Bit Country,100,2003,Abortion,1
7,4,I'm a Little Bit Country,100,2003,Cancel Culture Free Speech,1
7,4,I'm a Little Bit Country,100,2003,Criminal Justice Reform,15
7,4,I'm a Little Bit Country,100,2003,Healthcare Reform,4
7,4,I'm a Little Bit Country,100,2003,Immigration,1
7,4,I'm a Little Bit Country,100,2003,Iraq Afghanistan Wars,8
7,4,I'm a Little Bit Country,100,2003,LGBTQ Rights,2
7,4,I'm a Little Bit Country,100,2003,Minimum Wage Labor,1
7,4,I'm a Little Bit Country,100,2003,Race Civil Rights,16
7,5,Fat Butt and Pancake Head,101,2003,Abortion,7
7,5,Fat Butt and Pancake Head,101,2003,Education Reform,1
7,5,Fat Butt and Pancake Head,101,2003,Healthcare Reform,1
7,5,Fat Butt and Pancake Head,101,2003,Immigration,4
7,5,Fat Butt and Pancake Head,101,2003,LGBTQ Rights,1
7,5,Fat Butt and Pancake Head,101,2003,Race Civil Rights,2
7,6,Lil' Crime Stoppers,102,2003,Criminal Justice Reform,8
7,6,Lil' Crime Stoppers,102,2003,Drug Policy,7
7,6,Lil' Crime Stoppers,102,2003,Healthcare Reform,1
7,6,Lil' Crime Stoppers,102,2003,Income Inequality,1
7,6,Lil' Crime Stoppers,102,2003,Inflation Cost of Living,1
7,6,Lil' Crime Stoppers,102,2003,LGBTQ Rights,8
7,6,Lil' Crime Stoppers,102,2003,Russia,3
7,6,Lil' Crime Stoppers,102,2003,Technology Privacy,1
7,7,Red Man's Greed,103,2003,Income Inequality,4
7,7,Red Man's Greed,103,2003,Iraq Afghanistan Wars,1
7,7,Red Man's Greed,103,2003,LGBTQ Rights,1
7,7,Red Man's Greed,103,2003,Tax Policy,1
7,8,South Park is Gay!,104,2003,Criminal Justice Reform,3
7,8,South Park is Gay!,104,2003,LGBTQ Rights,42
7,9,Christian Rock Hard,105,2003,Abortion,2
7,9,Christian Rock Hard,105,2003,Criminal Justice Reform,1
7,9,Christian Rock Hard,105,2003,Income Inequality,1
7,9,Christian Rock Hard,105,2003,Inflation Cost of Living,1
7,9,Christian Rock Hard,105,2003,LGBTQ Rights,1
7,9,Christian Rock Hard,105,2003,Minimum Wage Labor,4
7,9,Christian Rock Hard,105,2003,Race Civil Rights,1
7,9,Christian Rock Hard,105,2003,Social Security Medicare,1
7,9,Christian Rock Hard,105,2003,Voting Rights Election Security,1
7,10,Grey Dawn,106,2003,Cancel Culture Free Speech,2
7,10,Grey Dawn,106,2003,Criminal Justice Reform,4
7,10,Grey Dawn,106,2003,Gun Control,2
7,10,Grey Dawn,106,2003,Income Inequality,1
7,10,Grey Dawn,106,2003,LGBTQ Rights,1
7,10,Grey Dawn,106,2003,Social Security Medicare,3
7,11,Casa Bonita,107,2003,Abortion,2
7,11,Casa Bonita,107,2003,Criminal Justice Reform,3
7,11,Casa Bonita,107,2003,Drug Policy,1
7,11,Casa Bonita,107,2003,Education Reform,2
7,11,Casa Bonita,107,2003,Immigration,2
7,12,All About Mormons,108,2003,Abortion,1
7,12,All About Mormons,108,2003,Income Inequality,2
7,12,All About Mormons,108,2003,Inflation Cost of Living,1
7,12,All About Mormons,108,2003,Middle East Conflict,4
7,12,All About Mormons,108,2003,Tax Policy,1
7,13,Butt Out,109,2003,Abortion,1
7,13,Butt Out,109,2003,Cancel Culture Free Speech,1
7,13,Butt Out,109,2003,Immigration,1
7,13,Butt Out,109,2003,Income Inequality,1
7,13,Butt Out,109,2003,Social Security Medicare,1
7,13,Butt Out,109,2003,Tax Policy,1
7,13,Butt Out,109,2003,Technology Privacy,1
7,14,Raisins,110,2003,Abortion,1
7,14,Raisins,110,2003,Healthcare Reform,1
7,14,Raisins,110,2003,LGBTQ Rights,1
7,14,Raisins,110,2003,Race Civil Rights,1
7,14,Raisins,110,2003,Social Security Medicare,1
7,14,Raisins,110,2003,Tax Policy,1
7,15,It's Christmas in Canada,111,2003,Abortion,1
7,15,It's Christmas in Canada,111,2003,Criminal Justice Reform,1
7,15,It's Christmas in Canada,111,2003,Immigration,54
7,15,It's Christmas in Canada,111,2003,Iraq Afghanistan Wars,5
7,15,It's Christmas in Canada,111,2003,Social Security Medicare,1
7,15,It's Christmas in Canada,111,2003,Technology Privacy,1
8,1,Good Times with Weapons,112,2004,Cancel Culture Free Speech,1
8,1,Good Times with Weapons,112,2004,Gun Control,2
8,1,Good Times with Weapons,112,2004,Healthcare Reform,10
8,1,Good Times with Weapons,112,2004,Income Inequality,2
8,1,Good Times with Weapons,112,2004,Inflation Cost of Living,1
8,2,Up the Down Steroid,113,2004,Cancel Culture Free Speech,1
8,2,Up the Down Steroid,113,2004,Criminal Justice Reform,1
8,2,Up the Down Steroid,113,2004,Gun Control,1
8,2,Up the Down Steroid,113,2004,Social Security Medicare,2
8,3,The Passion of the Jew,114,2004,Cancel Culture Free Speech,1
8,3,The Passion of the Jew,114,2004,Climate Change,1
8,3,The Passion of the Jew,114,2004,Criminal Justice Reform,1
8,3,The Passion of the Jew,114,2004,Immigration,1
8,3,The Passion of the Jew,114,2004,Middle East Conflict,1
8,3,The Passion of the Jew,114,2004,Minimum Wage Labor,2
8,3,The Passion of the Jew,114,2004,Race Civil Rights,1
8,3,The Passion of the Jew,114,2004,Terrorism,8
8,4,You Got F'd in the A,115,2004,Healthcare Reform,1
8,5,AWESOM-O,116,2004,Cancel Culture Free Speech,1
8,5,AWESOM-O,116,2004,Criminal Justice Reform,1
8,5,AWESOM-O,116,2004,Gun Control,3
8,5,AWESOM-O,116,2004,Income Inequality,2
8,5,AWESOM-O,116,2004,Race Civil Rights,1
8,5,AWESOM-O,116,2004,Technology Privacy,56
8,5,AWESOM-O,116,2004,Terrorism,1
8,5,AWESOM-O,116,2004,Unemployment Jobs,6
8,6,The Jeffersons,117,2004,Abortion,1
8,6,The Jeffersons,117,2004,Criminal Justice Reform,11
8,6,The Jeffersons,117,2004,Drug Policy,1
8,6,The Jeffersons,117,2004,Income Inequality,2
8,6,The Jeffersons,117,2004,Tax Policy,1
8,7,Goobacks,118,2004,Climate Change,4
8,7,Goobacks,118,2004,Criminal Justice Reform,3
8,7,Goobacks,118,2004,Education Reform,2
8,7,Goobacks,118,2004,Gun Control,1
8,7,Goobacks,118,2004,Healthcare Reform,1
8,7,Goobacks,118,2004,Immigration,11
8,7,Goobacks,118,2004,Income Inequality,2
8,7,Goobacks,118,2004,LGBTQ Rights,9
8,7,Goobacks,118,2004,Minimum Wage Labor,2
8,7,Goobacks,118,2004,Race Civil Rights,3
8,7,Goobacks,118,2004,Social Security Medicare,4
8,7,Goobacks,118,2004,Tax Policy,1
8,7,Goobacks,118,2004,Unemployment Jobs,26
8,8,Douche and Turd,119,2004,Cancel Culture Free Speech,1
8,8,Douche and Turd,119,2004,Criminal Justice Reform,1
8,8,Douche and Turd,119,2004,Drug Policy,1
8,8,Douche and Turd,119,2004,Race Civil Rights,1
8,9,Something Wall-Mart This Way Comes,120,2004,Criminal Justice Reform,2
8,9,Something Wall-Mart This Way Comes,120,2004,Immigration,66
8,9,Something Wall-Mart This Way Comes,120,2004,Inflation Cost of Living,1
8,9,Something Wall-Mart This Way Comes,120,2004,Minimum Wage Labor,1
8,9,Something Wall-Mart This Way Comes,120,2004,Unemployment Jobs,3
8,10,Pre-School,121,2004,Criminal Justice Reform,1
8,10,Pre-School,121,2004,Healthcare Reform,4
8,10,Pre-School,121,2004,Immigration,1
8,10,Pre-School,121,2004,Income Inequality,2
8,10,Pre-School,121,2004,LGBTQ Rights,2
8,10,Pre-School,121,2004,Unemployment Jobs,1
8,11,Quest for Ratings,122,2004,Cancel Culture Free Speech,2
8,11,Quest for Ratings,122,2004,Climate Change,1
8,11,Quest for Ratings,122,2004,Criminal Justice Reform,1
8,11,Quest for Ratings,122,2004,Education Reform,1
8,11,Quest for Ratings,122,2004,Income Inequality,1
8,11,Quest for Ratings,122,2004,Inflation Cost of Living,2
8,11,Quest for Ratings,122,2004,LGBTQ Rights,3
8,11,Quest for Ratings,122,2004,Tax Policy,1
8,11,Quest for Ratings,122,2004,Technology Privacy,1
8,12,Stupid Spoiled Whore Video Playset,123,2004,Climate Change,4
8,12,Stupid Spoiled Whore Video Playset,123,2004,Income Inequality,2
8,12,Stupid Spoiled Whore Video Playset,123,2004,LGBTQ Rights,4
8,13,Cartman's Incredible Gift,124,2004,Criminal Justice Reform,8
8,13,Cartman's Incredible Gift,124,2004,Healthcare Reform,8
8,13,Cartman's Incredible Gift,124,2004,Immigration,5
8,13,Cartman's Incredible Gift,124,2004,Income Inequality,1
8,13,Cartman's Incredible Gift,124,2004,Social Security Medicare,2
8,13,Cartman's Incredible Gift,124,2004,Technology Privacy,1
8,14,Woodland Critter Christmas,125,2004,Abortion,11
8,14,Woodland Critter Christmas,125,2004,Healthcare Reform,1
9,1,Mr. Garrison's Fancy New Vagina,126,2005,Abortion,8
9,1,Mr. Garrison's Fancy New Vagina,126,2005,Criminal Justice Reform,1
9,1,Mr. Garrison's Fancy New Vagina,126,2005,Gun Control,1
9,1,Mr. Garrison's Fancy New Vagina,126,2005,Healthcare Reform,5
9,1,Mr. Garrison's Fancy New Vagina,126,2005,LGBTQ Rights,5
9,1,Mr. Garrison's Fancy New Vagina,126,2005,Social Security Medicare,1
9,2,"Die Hippie, Die",127,2005,Abortion,1
9,2,"Die Hippie, Die",127,2005,Criminal Justice Reform,2
9,2,"Die Hippie, Die",127,2005,Drug Policy,2
9,2,"Die Hippie, Die",127,2005,Education Reform,4
9,2,"Die Hippie, Die",127,2005,Immigration,1
9,2,"Die Hippie, Die",127,2005,Tax Policy,1
9,2,"Die Hippie, Die",127,2005,Voting Rights Election Security,1
9,3,Wing,128,2005,Immigration,1
9,3,Wing,128,2005,Income Inequality,1
9,3,Wing,128,2005,LGBTQ Rights,1
9,3,Wing,128,2005,Russia,3
9,3,Wing,128,2005,Tax Policy,1
9,3,Wing,128,2005,Unemployment Jobs,1
9,4,Best Friends Forever,129,2005,Abortion,1
9,4,Best Friends Forever,129,2005,Gun Control,1
9,4,Best Friends Forever,129,2005,Healthcare Reform,8
9,4,Best Friends Forever,129,2005,Iraq Afghanistan Wars,6
9,4,Best Friends Forever,129,2005,Race Civil Rights,1
9,4,Best Friends Forever,129,2005,Russia,1
9,5,The Losing Edge,130,2005,LGBTQ Rights,1
9,5,The Losing Edge,130,2005,Minimum Wage Labor,17
9,6,The Death of Eric Cartman,131,2005,Abortion,2
9,6,The Death of Eric Cartman,131,2005,Criminal Justice Reform,1
9,6,The Death of Eric Cartman,131,2005,Gun Control,1
9,6,The Death of Eric Cartman,131,2005,Healthcare Reform,4
9,6,The Death of Eric Cartman,131,2005,Inflation Cost of Living,1
9,6,The Death of Eric Cartman,131,2005,Race Civil Rights,1
9,7,Erection Day,132,2005,Criminal Justice Reform,5
9,7,Erection Day,132,2005,Gun Control,2
9,7,Erection Day,132,2005,Healthcare Reform,4
9,7,Erection Day,132,2005,Immigration,1
9,7,Erection Day,132,2005,Iraq Afghanistan Wars,1
9,7,Erection Day,132,2005,LGBTQ Rights,1
9,8,Two Days Before the Day After Tomorrow,133,2005,Climate Change,22
9,8,Two Days Before the Day After Tomorrow,133,2005,Healthcare Reform,1
9,8,Two Days Before the Day After Tomorrow,133,2005,Immigration,2
9,8,Two Days Before the Day After Tomorrow,133,2005,Income Inequality,2
9,8,Two Days Before the Day After Tomorrow,133,2005,Minimum Wage Labor,1
9,8,Two Days Before the Day After Tomorrow,133,2005,Terrorism,1
9,9,Marjorine,134,2005,Criminal Justice Reform,1
9,9,Marjorine,134,2005,Drug Policy,1
9,9,Marjorine,134,2005,Minimum Wage Labor,1
9,9,Marjorine,134,2005,Russia,1
9,10,Follow That Egg!,135,2005,Abortion,2
9,10,Follow That Egg!,135,2005,Gun Control,1
9,10,Follow That Egg!,135,2005,LGBTQ Rights,9
9,11,Ginger Kids,136,2005,Abortion,1
9,11,Ginger Kids,136,2005,Cancel Culture Free Speech,2
9,11,Ginger Kids,136,2005,Climate Change,1
9,11,Ginger Kids,136,2005,Healthcare Reform,3
9,11,Ginger Kids,136,2005,LGBTQ Rights,3
9,12,Trapped in the Closet,137,2005,Criminal Justice Reform,3
9,12,Trapped in the Closet,137,2005,Gun Control,4
9,12,Trapped in the Closet,137,2005,LGBTQ Rights,25
9,12,Trapped in the Closet,137,2005,Tax Policy,2
9,13,Free Willzyx,138,2005,Criminal Justice Reform,1
9,13,Free Willzyx,138,2005,Gun Control,2
9,13,Free Willzyx,138,2005,Immigration,10
9,13,Free Willzyx,138,2005,Russia,3
9,13,Free Willzyx,138,2005,Technology Privacy,1
9,14,Bloody Mary,139,2005,Criminal Justice Reform,5
9,14,Bloody Mary,139,2005,Immigration,1
9,14,Bloody Mary,139,2005,Race Civil Rights,9
9,14,Bloody Mary,139,2005,Voting Rights Election Security,1
10,1,The Return of Chef!,140,2006,Criminal Justice Reform,2
10,1,The Return of Chef!,140,2006,Healthcare Reform,1
10,1,The Return of Chef!,140,2006,LGBTQ Rights,1
10,1,The Return of Chef!,140,2006,Minimum Wage Labor,1
10,2,Smug Alert!,141,2006,Cancel Culture Free Speech,1
10,2,Smug Alert!,141,2006,Climate Change,2
10,2,Smug Alert!,141,2006,Criminal Justice Reform,1
10,2,Smug Alert!,141,2006,Income Inequality,1
10,2,Smug Alert!,141,2006,LGBTQ Rights,8
10,2,Smug Alert!,141,2006,Minimum Wage Labor,1
10,2,Smug Alert!,141,2006,Race Civil Rights,1
10,3,Cartoon Wars Part I,142,2006,Cancel Culture Free Speech,3
10,3,Cartoon Wars Part I,142,2006,Drug Policy,1
10,3,Cartoon Wars Part I,142,2006,Education Reform,1
10,3,Cartoon Wars Part I,142,2006,Gun Control,3
10,3,Cartoon Wars Part I,142,2006,Immigration,1
10,3,Cartoon Wars Part I,142,2006,Middle East Conflict,2
10,3,Cartoon Wars Part I,142,2006,Race Civil Rights,1
10,3,Cartoon Wars Part I,142,2006,Terrorism,3
10,4,Cartoon Wars Part II,143,2006,Abortion,1
10,4,Cartoon Wars Part II,143,2006,Cancel Culture Free Speech,9
10,4,Cartoon Wars Part II,143,2006,Criminal Justice Reform,2
10,4,Cartoon Wars Part II,143,2006,Gun Control,1
10,4,Cartoon Wars Part II,143,2006,Immigration,4
10,4,Cartoon Wars Part II,143,2006,Income Inequality,1
10,4,Cartoon Wars Part II,143,2006,LGBTQ Rights,3
10,4,Cartoon Wars Part II,143,2006,Middle East Conflict,1
10,4,Cartoon Wars Part II,143,2006,Race Civil Rights,1
10,4,Cartoon Wars Part II,143,2006,Terrorism,9
10,4,Cartoon Wars Part II,143,2006,Unemployment Jobs,1
10,5,A Million Little Fibers,144,2006,Criminal Justice Reform,1
10,5,A Million Little Fibers,144,2006,Drug Policy,1
10,5,A Million Little Fibers,144,2006,Gun Control,4
10,5,A Million Little Fibers,144,2006,Inflation Cost of Living,2
10,5,A Million Little Fibers,144,2006,Iraq Afghanistan Wars,1
10,5,A Million Little Fibers,144,2006,Race Civil Rights,1
10,6,ManBearPig,145,2006,Climate Change,7
10,6,ManBearPig,145,2006,Healthcare Reform,2
10,6,ManBearPig,145,2006,Immigration,1
10,7,Tsst,146,2006,Criminal Justice Reform,1
10,7,Tsst,146,2006,Gun Control,2
10,7,Tsst,146,2006,Healthcare Reform,1
10,7,Tsst,146,2006,Immigration,1
10,7,Tsst,146,2006,Income Inequality,2
10,7,Tsst,146,2006,Minimum Wage Labor,1
10,8,"Make Love, Not Warcraft",147,2006,LGBTQ Rights,1
10,8,"Make Love, Not Warcraft",147,2006,Technology Privacy,1
10,9,Mystery of the Urinal Deuce,148,2006,Criminal Justice Reform,1
10,9,Mystery of the Urinal Deuce,148,2006,Immigration,1
10,9,Mystery of the Urinal Deuce,148,2006,Iraq Afghanistan Wars,2
10,9,Mystery of the Urinal Deuce,148,2006,Middle East Conflict,1
10,9,Mystery of the Urinal Deuce,148,2006,Terrorism,3
10,9,Mystery of the Urinal Deuce,148,2006,Trade Policy,2
10,11,Hell on Earth 2006,149,2006,Immigration,2
10,11,Hell on Earth 2006,149,2006,Inflation Cost of Living,2
10,12,Go God Go,150,2006,Abortion,3
10,12,Go God Go,150,2006,Criminal Justice Reform,1
10,12,Go God Go,150,2006,Education Reform,2
10,12,Go God Go,150,2006,Immigration,1
10,13,Go God Go XII,151,2006,Immigration,3
10,13,Go God Go XII,151,2006,Inflation Cost of Living,1
10,13,Go God Go XII,151,2006,Iraq Afghanistan Wars,1
10,13,Go God Go XII,151,2006,LGBTQ Rights,2
10,13,Go God Go XII,151,2006,Technology Privacy,2
10,14,Stanley's Cup,152,2006,Gun Control,1
10,14,Stanley's Cup,152,2006,Healthcare Reform,3
10,14,Stanley's Cup,152,2006,Immigration,2
10,14,Stanley's Cup,152,2006,Minimum Wage Labor,1
11,1,With Apologies to Jesse Jackson,153,2007,Cancel Culture Free Speech,2
11,1,With Apologies to Jesse Jackson,153,2007,Education Reform,1
11,1,With Apologies to Jesse Jackson,153,2007,Race Civil Rights,2
11,2,Cartman Sucks,154,2007,Iraq Afghanistan Wars,1
11,2,Cartman Sucks,154,2007,LGBTQ Rights,10
11,3,Lice Capades,155,2007,Abortion,1
11,3,Lice Capades,155,2007,Criminal Justice Reform,1
11,3,Lice Capades,155,2007,Drug Policy,1
11,3,Lice Capades,155,2007,Healthcare Reform,3
11,3,Lice Capades,155,2007,Income Inequality,2
11,4,The Snuke,156,2007,Cancel Culture Free Speech,2
11,4,The Snuke,156,2007,Criminal Justice Reform,1
11,4,The Snuke,156,2007,Education Reform,1
11,4,The Snuke,156,2007,Immigration,1
11,4,The Snuke,156,2007,Race Civil Rights,1
11,4,The Snuke,156,2007,Russia,8
11,4,The Snuke,156,2007,Social Security Medicare,1
11,4,The Snuke,156,2007,Technology Privacy,4
11,4,The Snuke,156,2007,Terrorism,14
11,5,Fantastic Easter Special,157,2007,Healthcare Reform,1
11,5,Fantastic Easter Special,157,2007,Income Inequality,1
11,5,Fantastic Easter Special,157,2007,Iraq Afghanistan Wars,2
11,6,D-Yikes!,158,2007,Cancel Culture Free Speech,1
11,6,D-Yikes!,158,2007,LGBTQ Rights,11
11,6,D-Yikes!,158,2007,Middle East Conflict,1
11,6,D-Yikes!,158,2007,Russia,2
11,7,Night of the Living Homeless,159,2007,Abortion,1
11,7,Night of the Living Homeless,159,2007,Cancel Culture Free Speech,1
11,7,Night of the Living Homeless,159,2007,Climate Change,1
11,7,Night of the Living Homeless,159,2007,Education Reform,1
11,7,Night of the Living Homeless,159,2007,Income Inequality,47
11,7,Night of the Living Homeless,159,2007,Iraq Afghanistan Wars,1
11,8,Le Petit Tourette,160,2007,Healthcare Reform,3
11,8,Le Petit Tourette,160,2007,Immigration,1
11,8,Le Petit Tourette,160,2007,Income Inequality,1
11,8,Le Petit Tourette,160,2007,Social Security Medicare,1
11,9,More Crap,161,2007,Abortion,1
11,9,More Crap,161,2007,Middle East Conflict,1
11,9,More Crap,161,2007,Tax Policy,1
11,9,More Crap,161,2007,Voting Rights Election Security,1
11,10,Imaginationland,162,2007,Gun Control,2
11,10,Imaginationland,162,2007,Immigration,2
11,10,Imaginationland,162,2007,LGBTQ Rights,1
11,10,Imaginationland,162,2007,Technology Privacy,2
11,10,Imaginationland,162,2007,Terrorism,6
11,11,"Imaginationland, Episode II",163,2007,LGBTQ Rights,2
11,11,"Imaginationland, Episode II",163,2007,Russia,2
11,11,"Imaginationland, Episode II",163,2007,Terrorism,2
11,12,"Imaginationland, Episode III",164,2007,Climate Change,1
11,12,"Imaginationland, Episode III",164,2007,Criminal Justice Reform,1
11,12,"Imaginationland, Episode III",164,2007,Drug Policy,1
11,12,"Imaginationland, Episode III",164,2007,Gun Control,1
11,12,"Imaginationland, Episode III",164,2007,Healthcare Reform,1
11,12,"Imaginationland, Episode III",164,2007,Immigration,1
11,12,"Imaginationland, Episode III",164,2007,Iraq Afghanistan Wars,6
11,12,"Imaginationland, Episode III",164,2007,Russia,1
11,12,"Imaginationland, Episode III",164,2007,Terrorism,4
11,13,Guitar Queer-O,165,2007,Cancel Culture Free Speech,1
11,13,Guitar Queer-O,165,2007,Drug Policy,7
11,13,Guitar Queer-O,165,2007,Gun Control,1
11,13,Guitar Queer-O,165,2007,Inflation Cost of Living,2
11,13,Guitar Queer-O,165,2007,LGBTQ Rights,1
11,14,The List,166,2007,Criminal Justice Reform,1
11,14,The List,166,2007,Immigration,1
11,14,The List,166,2007,Income Inequality,1
11,14,The List,166,2007,LGBTQ Rights,1
11,14,The List,166,2007,Minimum Wage Labor,1
12,1,Tonsil Trouble,167,2008,Abortion,2
12,1,Tonsil Trouble,167,2008,Cancel Culture Free Speech,2
12,1,Tonsil Trouble,167,2008,Drug Policy,1
12,1,Tonsil Trouble,167,2008,Healthcare Reform,6
12,1,Tonsil Trouble,167,2008,Immigration,7
12,1,Tonsil Trouble,167,2008,Income Inequality,2
12,1,Tonsil Trouble,167,2008,Minimum Wage Labor,1
12,1,Tonsil Trouble,167,2008,Social Security Medicare,1
12,2,Britney's New Look,168,2008,Healthcare Reform,2
12,2,Britney's New Look,168,2008,Income Inequality,3
12,2,Britney's New Look,168,2008,Iraq Afghanistan Wars,1
12,2,Britney's New Look,168,2008,Tax Policy,1
12,2,Britney's New Look,168,2008,Terrorism,1
12,2,Britney's New Look,168,2008,Unemployment Jobs,1
12,3,Major Boobage,169,2008,Criminal Justice Reform,1
12,3,Major Boobage,169,2008,Drug Policy,1
12,3,Major Boobage,169,2008,Income Inequality,1
12,3,Major Boobage,169,2008,Technology Privacy,1
12,4,Canada on Strike,170,2008,Abortion,2
12,4,Canada on Strike,170,2008,Immigration,32
12,4,Canada on Strike,170,2008,Income Inequality,1
12,4,Canada on Strike,170,2008,Iraq Afghanistan Wars,1
12,4,Canada on Strike,170,2008,LGBTQ Rights,2
12,4,Canada on Strike,170,2008,Minimum Wage Labor,28
12,4,Canada on Strike,170,2008,Tax Policy,2
12,5,"Eek, A Penis!",171,2008,Abortion,5
12,5,"Eek, A Penis!",171,2008,Criminal Justice Reform,1
12,5,"Eek, A Penis!",171,2008,Education Reform,8
12,5,"Eek, A Penis!",171,2008,Healthcare Reform,3
12,5,"Eek, A Penis!",171,2008,Immigration,2
12,5,"Eek, A Penis!",171,2008,Income Inequality,1
12,5,"Eek, A Penis!",171,2008,Inflation Cost of Living,1
12,5,"Eek, A Penis!",171,2008,Race Civil Rights,1
12,6,Over Logging,172,2008,Minimum Wage Labor,1
12,7,Super Fun Time,173,2008,Criminal Justice Reform,15
12,7,Super Fun Time,173,2008,Gun Control,1
12,7,Super Fun Time,173,2008,LGBTQ Rights,1
12,7,Super Fun Time,173,2008,Unemployment Jobs,1
12,8,The China Probrem,174,2008,Criminal Justice Reform,8
12,8,The China Probrem,174,2008,Gun Control,9
12,8,The China Probrem,174,2008,Immigration,2
12,8,The China Probrem,174,2008,LGBTQ Rights,1
12,8,The China Probrem,174,2008,Race Civil Rights,1
12,9,Breast Cancer Show Ever,175,2008,Cancel Culture Free Speech,2
12,9,Breast Cancer Show Ever,175,2008,Climate Change,1
12,9,Breast Cancer Show Ever,175,2008,Criminal Justice Reform,1
12,9,Breast Cancer Show Ever,175,2008,Gun Control,1
12,9,Breast Cancer Show Ever,175,2008,Healthcare Reform,1
12,10,Pandemic,176,2008,Criminal Justice Reform,2
12,10,Pandemic,176,2008,Immigration,1
12,10,Pandemic,176,2008,Iraq Afghanistan Wars,1
12,10,Pandemic,176,2008,Terrorism,6
12,10,Pandemic,176,2008,Unemployment Jobs,2
12,11,Pandemic 2: The Startling,177,2008,Criminal Justice Reform,5
12,11,Pandemic 2: The Startling,177,2008,Gun Control,2
12,11,Pandemic 2: The Startling,177,2008,Immigration,4
12,11,Pandemic 2: The Startling,177,2008,Iraq Afghanistan Wars,1
12,11,Pandemic 2: The Startling,177,2008,Terrorism,7
12,11,Pandemic 2: The Startling,177,2008,Unemployment Jobs,2
12,12,About Last Night...,178,2008,Abortion,3
12,12,About Last Night...,178,2008,Criminal Justice Reform,2
12,12,About Last Night...,178,2008,Healthcare Reform,1
12,12,About Last Night...,178,2008,Income Inequality,1
12,12,About Last Night...,178,2008,Technology Privacy,1
12,13,Elementary School Musical,179,2008,Abortion,2
12,13,Elementary School Musical,179,2008,Criminal Justice Reform,2
12,13,Elementary School Musical,179,2008,Gun Control,2
12,13,Elementary School Musical,179,2008,Immigration,1
12,13,Elementary School Musical,179,2008,Income Inequality,1
12,13,Elementary School Musical,179,2008,Social Security Medicare,1
12,14,The Ungroundable,180,2008,LGBTQ Rights,2
13,1,The Ring,181,2009,Abortion,1
13,2,The Coon,182,2009,Criminal Justice Reform,3
13,2,The Coon,182,2009,Healthcare Reform,4
13,2,The Coon,182,2009,Immigration,1
13,2,The Coon,182,2009,LGBTQ Rights,2
13,2,The Coon,182,2009,Terrorism,2
13,2,The Coon,182,2009,Unemployment Jobs,1
13,3,Margaritaville,183,2009,Healthcare Reform,4
13,3,Margaritaville,183,2009,Immigration,4
13,3,Margaritaville,183,2009,Income Inequality,1
13,3,Margaritaville,183,2009,Inflation Cost of Living,2
13,3,Margaritaville,183,2009,Social Security Medicare,1
13,3,Margaritaville,183,2009,Tax Policy,7
13,3,Margaritaville,183,2009,Unemployment Jobs,8
13,4,"Eat, Pray, Queef",184,2009,Abortion,3
13,4,"Eat, Pray, Queef",184,2009,Criminal Justice Reform,3
13,4,"Eat, Pray, Queef",184,2009,Gun Control,2
13,4,"Eat, Pray, Queef",184,2009,Healthcare Reform,7
13,4,"Eat, Pray, Queef",184,2009,Immigration,10
13,4,"Eat, Pray, Queef",184,2009,Technology Privacy,3
13,5,Fishsticks,185,2009,Cancel Culture Free Speech,1
13,5,Fishsticks,185,2009,Healthcare Reform,1
13,5,Fishsticks,185,2009,Immigration,4
13,5,Fishsticks,185,2009,LGBTQ Rights,29
13,5,Fishsticks,185,2009,Unemployment Jobs,1
13,6,Pinewood Derby,186,2009,Abortion,5
13,6,Pinewood Derby,186,2009,Climate Change,1
13,6,Pinewood Derby,186,2009,Criminal Justice Reform,6
13,6,Pinewood Derby,186,2009,Gun Control,1
13,6,Pinewood Derby,186,2009,Immigration,3
13,6,Pinewood Derby,186,2009,Russia,1
13,6,Pinewood Derby,186,2009,Tax Policy,1
13,6,Pinewood Derby,186,2009,Technology Privacy,1
13,6,Pinewood Derby,186,2009,Unemployment Jobs,1
13,7,Fatbeard,187,2009,Immigration,1
13,7,Fatbeard,187,2009,Income Inequality,1
13,7,Fatbeard,187,2009,Social Security Medicare,1
13,7,Fatbeard,187,2009,Trade Policy,1
13,8,Dead Celebrities,188,2009,Healthcare Reform,1
13,8,Dead Celebrities,188,2009,Immigration,1
13,8,Dead Celebrities,188,2009,Income Inequality,1
13,8,Dead Celebrities,188,2009,Inflation Cost of Living,1
13,8,Dead Celebrities,188,2009,LGBTQ Rights,1
13,8,Dead Celebrities,188,2009,Minimum Wage Labor,1
13,9,Butters' Bottom Bitch,189,2009,Abortion,4
13,9,Butters' Bottom Bitch,189,2009,Criminal Justice Reform,7
13,9,Butters' Bottom Bitch,189,2009,Healthcare Reform,1
13,9,Butters' Bottom Bitch,189,2009,Inflation Cost of Living,1
13,9,Butters' Bottom Bitch,189,2009,LGBTQ Rights,1
13,9,Butters' Bottom Bitch,189,2009,Social Security Medicare,1
13,9,Butters' Bottom Bitch,189,2009,Tax Policy,3
13,10,W.T.F.,190,2009,Abortion,9
13,10,W.T.F.,190,2009,Criminal Justice Reform,3
13,10,W.T.F.,190,2009,Education Reform,1
13,10,W.T.F.,190,2009,Immigration,4
13,10,W.T.F.,190,2009,Inflation Cost of Living,1
13,10,W.T.F.,190,2009,LGBTQ Rights,3
13,10,W.T.F.,190,2009,Russia,10
13,10,W.T.F.,190,2009,Terrorism,1
13,10,W.T.F.,190,2009,Voting Rights Election Security,1
13,11,Whale Whores,191,2009,Cancel Culture Free Speech,1
13,11,Whale Whores,191,2009,Criminal Justice Reform,2
13,11,Whale Whores,191,2009,Income Inequality,1
13,11,Whale Whores,191,2009,LGBTQ Rights,4
13,11,Whale Whores,191,2009,Technology Privacy,1
13,12,The F Word,192,2009,Income Inequality,1
13,12,The F Word,192,2009,LGBTQ Rights,20
13,12,The F Word,192,2009,Social Security Medicare,1
13,13,Dances with Smurfs,193,2009,Cancel Culture Free Speech,2
13,13,Dances with Smurfs,193,2009,Drug Policy,1
13,13,Dances with Smurfs,193,2009,Education Reform,1
13,13,Dances with Smurfs,193,2009,Gun Control,4
13,13,Dances with Smurfs,193,2009,Russia,1
13,13,Dances with Smurfs,193,2009,Voting Rights Election Security,1
13,14,Pee,194,2009,Criminal Justice Reform,1
13,14,Pee,194,2009,Education Reform,1
13,14,Pee,194,2009,Gun Control,1
13,14,Pee,194,2009,Healthcare Reform,2
13,14,Pee,194,2009,Race Civil Rights,1
14,1,Sexual Healing,195,2010,Cancel Culture Free Speech,1
14,1,Sexual Healing,195,2010,Climate Change,1
14,1,Sexual Healing,195,2010,Criminal Justice Reform,1
14,1,Sexual Healing,195,2010,Drug Policy,16
14,1,Sexual Healing,195,2010,Gun Control,2
14,1,Sexual Healing,195,2010,Immigration,1
14,1,Sexual Healing,195,2010,Income Inequality,2
14,2,The Tale of Scrotie McBoogerballs,196,2010,Cancel Culture Free Speech,8
14,2,The Tale of Scrotie McBoogerballs,196,2010,Criminal Justice Reform,1
14,2,The Tale of Scrotie McBoogerballs,196,2010,Gun Control,1
14,2,The Tale of Scrotie McBoogerballs,196,2010,Healthcare Reform,2
14,2,The Tale of Scrotie McBoogerballs,196,2010,Technology Privacy,3
14,3,Medicinal Fried Chicken,197,2010,Criminal Justice Reform,2
14,3,Medicinal Fried Chicken,197,2010,Drug Policy,19
14,3,Medicinal Fried Chicken,197,2010,Healthcare Reform,12
14,3,Medicinal Fried Chicken,197,2010,Iraq Afghanistan Wars,1
14,3,Medicinal Fried Chicken,197,2010,Minimum Wage Labor,2
14,3,Medicinal Fried Chicken,197,2010,Social Security Medicare,1
14,3,Medicinal Fried Chicken,197,2010,Technology Privacy,1
14,3,Medicinal Fried Chicken,197,2010,Voting Rights Election Security,1
14,4,You Have 0 Friends,198,2010,Abortion,1
14,4,You Have 0 Friends,198,2010,Healthcare Reform,1
14,4,You Have 0 Friends,198,2010,Immigration,1
14,4,You Have 0 Friends,198,2010,Tax Policy,1
14,4,You Have 0 Friends,198,2010,Technology Privacy,24
14,5,200,199,2010,LGBTQ Rights,1
14,5,200,199,2010,Race Civil Rights,1
14,6,201,200,2010,Healthcare Reform,1
14,6,201,200,2010,Immigration,1
14,6,201,200,2010,Income Inequality,1
14,6,201,200,2010,Inflation Cost of Living,1
14,6,201,200,2010,LGBTQ Rights,1
14,6,201,200,2010,Race Civil Rights,1
14,7,Crippled Summer,201,2010,Drug Policy,9
14,7,Crippled Summer,201,2010,Income Inequality,1
14,7,Crippled Summer,201,2010,Social Security Medicare,1
14,8,Poor and Stupid,202,2010,Cancel Culture Free Speech,1
14,8,Poor and Stupid,202,2010,Gun Control,1
14,8,Poor and Stupid,202,2010,Healthcare Reform,3
14,8,Poor and Stupid,202,2010,Income Inequality,23
14,8,Poor and Stupid,202,2010,LGBTQ Rights,8
14,8,Poor and Stupid,202,2010,Tax Policy,1
14,9,It's a Jersey Thing,203,2010,Abortion,1
14,9,It's a Jersey Thing,203,2010,Criminal Justice Reform,3
14,9,It's a Jersey Thing,203,2010,Gun Control,1
14,9,It's a Jersey Thing,203,2010,Immigration,2
14,9,It's a Jersey Thing,203,2010,Income Inequality,1
14,9,It's a Jersey Thing,203,2010,Inflation Cost of Living,1
14,9,It's a Jersey Thing,203,2010,Iraq Afghanistan Wars,1
14,9,It's a Jersey Thing,203,2010,LGBTQ Rights,1
14,9,It's a Jersey Thing,203,2010,Minimum Wage Labor,2
14,9,It's a Jersey Thing,203,2010,Race Civil Rights,1
14,9,It's a Jersey Thing,203,2010,Russia,2
14,9,It's a Jersey Thing,203,2010,Terrorism,5
14,10,Insheeption,204,2010,Criminal Justice Reform,1
14,10,Insheeption,204,2010,Gun Control,1
14,10,Insheeption,204,2010,Iraq Afghanistan Wars,1
14,10,Insheeption,204,2010,Russia,1
14,11,Coon 2: Hindsight,205,2010,Immigration,1
14,11,Coon 2: Hindsight,205,2010,Income Inequality,1
14,11,Coon 2: Hindsight,205,2010,Inflation Cost of Living,1
14,11,Coon 2: Hindsight,205,2010,LGBTQ Rights,1
14,11,Coon 2: Hindsight,205,2010,Minimum Wage Labor,1
14,12,Mysterion Rises,206,2010,Gun Control,2
14,13,Coon vs. Coon & Friends,207,2010,Abortion,1
14,13,Coon vs. Coon & Friends,207,2010,Cancel Culture Free Speech,1
14,13,Coon vs. Coon & Friends,207,2010,Criminal Justice Reform,1
14,13,Coon vs. Coon & Friends,207,2010,Gun Control,1
14,13,Coon vs. Coon & Friends,207,2010,Immigration,2
14,13,Coon vs. Coon & Friends,207,2010,LGBTQ Rights,7
14,14,Crme Fraiche,208,2010,Healthcare Reform,1
14,14,Crme Fraiche,208,2010,Unemployment Jobs,1
15,1,HUMANCENTiPAD,209,2011,Cancel Culture Free Speech,2
15,1,HUMANCENTiPAD,209,2011,Criminal Justice Reform,3
15,1,HUMANCENTiPAD,209,2011,Healthcare Reform,1
15,1,HUMANCENTiPAD,209,2011,Income Inequality,1
15,1,HUMANCENTiPAD,209,2011,Inflation Cost of Living,1
15,1,HUMANCENTiPAD,209,2011,Technology Privacy,1
15,1,HUMANCENTiPAD,209,2011,Unemployment Jobs,2
15,2,Funnybot,210,2011,Abortion,1
15,2,Funnybot,210,2011,Education Reform,2
15,2,Funnybot,210,2011,Russia,1
15,2,Funnybot,210,2011,Technology Privacy,2
15,2,Funnybot,210,2011,Unemployment Jobs,1
15,3,Royal Pudding,211,2011,Criminal Justice Reform,1
15,3,Royal Pudding,211,2011,Gun Control,1
15,3,Royal Pudding,211,2011,Immigration,20
15,3,Royal Pudding,211,2011,Minimum Wage Labor,1
15,3,Royal Pudding,211,2011,Race Civil Rights,1
15,4,T.M.I.,212,2011,Abortion,1
15,4,T.M.I.,212,2011,Cancel Culture Free Speech,1
15,4,T.M.I.,212,2011,Criminal Justice Reform,1
15,4,T.M.I.,212,2011,Drug Policy,1
15,4,T.M.I.,212,2011,Gun Control,1
15,4,T.M.I.,212,2011,Healthcare Reform,3
15,5,Crack Baby Athletic Association,213,2011,Abortion,4
15,5,Crack Baby Athletic Association,213,2011,Drug Policy,11
15,5,Crack Baby Athletic Association,213,2011,Healthcare Reform,2
15,5,Crack Baby Athletic Association,213,2011,Income Inequality,1
15,6,City Sushi,214,2011,Criminal Justice Reform,5
15,6,City Sushi,214,2011,Gun Control,1
15,6,City Sushi,214,2011,Healthcare Reform,1
15,6,City Sushi,214,2011,Immigration,1
15,6,City Sushi,214,2011,Income Inequality,2
15,6,City Sushi,214,2011,Race Civil Rights,7
15,7,You're Getting Old,215,2011,Criminal Justice Reform,1
15,7,You're Getting Old,215,2011,Healthcare Reform,3
15,7,You're Getting Old,215,2011,Immigration,1
15,7,You're Getting Old,215,2011,Income Inequality,1
15,8,Ass Burgers,216,2011,Drug Policy,1
15,8,Ass Burgers,216,2011,Healthcare Reform,1
15,8,Ass Burgers,216,2011,Social Security Medicare,1
15,8,Ass Burgers,216,2011,Technology Privacy,2
15,8,Ass Burgers,216,2011,Unemployment Jobs,1
15,9,The Last of the Meheecans,217,2011,Criminal Justice Reform,1
15,9,The Last of the Meheecans,217,2011,Gun Control,1
15,9,The Last of the Meheecans,217,2011,Immigration,42
15,9,The Last of the Meheecans,217,2011,Income Inequality,1
15,9,The Last of the Meheecans,217,2011,LGBTQ Rights,2
15,10,Bass to Mouth,218,2011,Drug Policy,5
15,10,Bass to Mouth,218,2011,LGBTQ Rights,1
15,10,Bass to Mouth,218,2011,Minimum Wage Labor,1
15,10,Bass to Mouth,218,2011,Russia,3
15,10,Bass to Mouth,218,2011,Technology Privacy,22
15,11,Broadway Bro Down,219,2011,LGBTQ Rights,1
15,11,Broadway Bro Down,219,2011,Middle East Conflict,1
15,12,1%,220,2011,Abortion,1
15,12,1%,220,2011,Criminal Justice Reform,3
15,12,1%,220,2011,Income Inequality,12
15,12,1%,220,2011,Race Civil Rights,3
15,13,A History Channel Thanksgiving,221,2011,Cancel Culture Free Speech,2
15,13,A History Channel Thanksgiving,221,2011,Education Reform,1
15,13,A History Channel Thanksgiving,221,2011,Gun Control,1
15,13,A History Channel Thanksgiving,221,2011,Immigration,2
15,13,A History Channel Thanksgiving,221,2011,Inflation Cost of Living,4
15,13,A History Channel Thanksgiving,221,2011,Middle East Conflict,2
15,14,The Poor Kid,222,2011,Criminal Justice Reform,7
15,14,The Poor Kid,222,2011,Drug Policy,6
15,14,The Poor Kid,222,2011,Education Reform,1
15,14,The Poor Kid,222,2011,Income Inequality,20
15,14,The Poor Kid,222,2011,Inflation Cost of Living,2
15,14,The Poor Kid,222,2011,Minimum Wage Labor,1
15,14,The Poor Kid,222,2011,Social Security Medicare,3
15,14,The Poor Kid,222,2011,Tax Policy,2
15,14,The Poor Kid,222,2011,Unemployment Jobs,1
16,1,Reverse Cowgirl,223,2012,Abortion,2
16,1,Reverse Cowgirl,223,2012,Cancel Culture Free Speech,1
16,1,Reverse Cowgirl,223,2012,Criminal Justice Reform,2
16,1,Reverse Cowgirl,223,2012,Gun Control,2
16,1,Reverse Cowgirl,223,2012,Healthcare Reform,1
16,1,Reverse Cowgirl,223,2012,Income Inequality,1
16,1,Reverse Cowgirl,223,2012,Inflation Cost of Living,2
16,1,Reverse Cowgirl,223,2012,Tax Policy,1
16,1,Reverse Cowgirl,223,2012,Terrorism,4
16,2,Cash For Gold,224,2012,Abortion,2
16,2,Cash For Gold,224,2012,Gun Control,1
16,2,Cash For Gold,224,2012,Immigration,1
16,2,Cash For Gold,224,2012,Inflation Cost of Living,2
16,2,Cash For Gold,224,2012,LGBTQ Rights,2
16,2,Cash For Gold,224,2012,Social Security Medicare,3
16,2,Cash For Gold,224,2012,Tax Policy,1
16,3,Faith Hilling,225,2012,Gun Control,4
16,3,Faith Hilling,225,2012,Healthcare Reform,1
16,4,Jewpacabra,226,2012,Abortion,2
16,4,Jewpacabra,226,2012,Cancel Culture Free Speech,1
16,4,Jewpacabra,226,2012,Gun Control,1
16,4,Jewpacabra,226,2012,Immigration,1
16,4,Jewpacabra,226,2012,Income Inequality,1
16,4,Jewpacabra,226,2012,Inflation Cost of Living,2
16,4,Jewpacabra,226,2012,Race Civil Rights,1
16,4,Jewpacabra,226,2012,Technology Privacy,1
16,5,Butterballs,227,2012,Healthcare Reform,1
16,5,Butterballs,227,2012,Immigration,1
16,5,Butterballs,227,2012,Income Inequality,1
16,5,Butterballs,227,2012,LGBTQ Rights,1
16,5,Butterballs,227,2012,Minimum Wage Labor,1
16,6,I Should Have Never Gone Ziplining,228,2012,Cancel Culture Free Speech,1
16,6,I Should Have Never Gone Ziplining,228,2012,Drug Policy,1
16,6,I Should Have Never Gone Ziplining,228,2012,Healthcare Reform,1
16,6,I Should Have Never Gone Ziplining,228,2012,Minimum Wage Labor,2
16,7,Cartman Finds Love,229,2012,LGBTQ Rights,2
16,7,Cartman Finds Love,229,2012,Race Civil Rights,3
16,8,Sarcastaball,230,2012,Criminal Justice Reform,1
16,8,Sarcastaball,230,2012,Healthcare Reform,2
16,8,Sarcastaball,230,2012,LGBTQ Rights,1
16,9,Raising the Bar,231,2012,Cancel Culture Free Speech,1
16,9,Raising the Bar,231,2012,Healthcare Reform,2
16,9,Raising the Bar,231,2012,Immigration,4
16,9,Raising the Bar,231,2012,Race Civil Rights,1
16,9,Raising the Bar,231,2012,Tax Policy,2
16,9,Raising the Bar,231,2012,Unemployment Jobs,1
16,10,Insecurity,232,2012,Criminal Justice Reform,7
16,10,Insecurity,232,2012,Income Inequality,1
16,10,Insecurity,232,2012,Inflation Cost of Living,1
16,10,Insecurity,232,2012,LGBTQ Rights,1
16,10,Insecurity,232,2012,Minimum Wage Labor,14
16,11,Going Native,233,2012,Cancel Culture Free Speech,1
16,11,Going Native,233,2012,Iraq Afghanistan Wars,1
16,12,A Nightmare on Face Time,234,2012,Healthcare Reform,2
16,12,A Nightmare on Face Time,234,2012,Inflation Cost of Living,6
16,12,A Nightmare on Face Time,234,2012,LGBTQ Rights,3
16,12,A Nightmare on Face Time,234,2012,Tax Policy,1
16,13,A Scause For Applause,235,2012,Abortion,1
16,13,A Scause For Applause,235,2012,Cancel Culture Free Speech,1
16,13,A Scause For Applause,235,2012,Climate Change,1
16,13,A Scause For Applause,235,2012,Criminal Justice Reform,2
16,13,A Scause For Applause,235,2012,LGBTQ Rights,1
16,13,A Scause For Applause,235,2012,Minimum Wage Labor,1
16,14,Obama Wins!,236,2012,Criminal Justice Reform,1
16,14,Obama Wins!,236,2012,Education Reform,1
16,14,Obama Wins!,236,2012,Voting Rights Election Security,2
17,1,"Let Go, Let Gov",237,2013,Cancel Culture Free Speech,1
17,1,"Let Go, Let Gov",237,2013,Minimum Wage Labor,2
17,1,"Let Go, Let Gov",237,2013,Russia,3
17,1,"Let Go, Let Gov",237,2013,Tax Policy,1
17,1,"Let Go, Let Gov",237,2013,Technology Privacy,19
17,2,Informative Murder Porn,238,2013,Criminal Justice Reform,2
17,2,Informative Murder Porn,238,2013,Immigration,1
17,2,Informative Murder Porn,238,2013,Inflation Cost of Living,1
17,2,Informative Murder Porn,238,2013,Middle East Conflict,3
17,2,Informative Murder Porn,238,2013,Minimum Wage Labor,1
17,2,Informative Murder Porn,238,2013,Social Security Medicare,1
17,3,World War Zimmerman,239,2013,Cancel Culture Free Speech,2
17,3,World War Zimmerman,239,2013,Criminal Justice Reform,5
17,3,World War Zimmerman,239,2013,Gun Control,8
17,3,World War Zimmerman,239,2013,Healthcare Reform,1
17,3,World War Zimmerman,239,2013,LGBTQ Rights,1
17,4,Goth Kids 3: Dawn of the Posers,240,2013,Abortion,1
17,4,Goth Kids 3: Dawn of the Posers,240,2013,Technology Privacy,1
17,5,Taming Strange,241,2013,Abortion,5
17,5,Taming Strange,241,2013,Criminal Justice Reform,1
17,5,Taming Strange,241,2013,Drug Policy,1
17,5,Taming Strange,241,2013,Healthcare Reform,7
17,5,Taming Strange,241,2013,Immigration,11
17,5,Taming Strange,241,2013,Social Security Medicare,1
17,5,Taming Strange,241,2013,Technology Privacy,1
17,6,Ginger Cow,242,2013,Cancel Culture Free Speech,3
17,6,Ginger Cow,242,2013,Immigration,1
17,6,Ginger Cow,242,2013,Middle East Conflict,14
17,7,Black Friday,243,2013,Inflation Cost of Living,3
17,7,Black Friday,243,2013,LGBTQ Rights,4
17,7,Black Friday,243,2013,Unemployment Jobs,1
17,8,A Song of Ass and Fire,244,2013,Criminal Justice Reform,1
17,8,A Song of Ass and Fire,244,2013,Healthcare Reform,1
17,8,A Song of Ass and Fire,244,2013,Immigration,1
17,8,A Song of Ass and Fire,244,2013,LGBTQ Rights,1
17,9,Titties and Dragons,245,2013,Immigration,1
17,9,Titties and Dragons,245,2013,Social Security Medicare,1
17,10,The Hobbit,246,2013,Abortion,2
17,10,The Hobbit,246,2013,Criminal Justice Reform,1
17,10,The Hobbit,246,2013,Gun Control,2
17,10,The Hobbit,246,2013,Income Inequality,1
17,10,The Hobbit,246,2013,LGBTQ Rights,1
17,10,The Hobbit,246,2013,Race Civil Rights,1
17,10,The Hobbit,246,2013,Technology Privacy,1
18,1,Go Fund Yourself,247,2014,Cancel Culture Free Speech,4
18,1,Go Fund Yourself,247,2014,Middle East Conflict,6
18,1,Go Fund Yourself,247,2014,Terrorism,6
18,2,Gluten Free Ebola,248,2014,Gun Control,2
18,2,Gluten Free Ebola,248,2014,Immigration,2
18,2,Gluten Free Ebola,248,2014,Income Inequality,1
18,3,The Cissy,249,2014,Cancel Culture Free Speech,2
18,3,The Cissy,249,2014,Immigration,1
18,3,The Cissy,249,2014,LGBTQ Rights,12
18,3,The Cissy,249,2014,Technology Privacy,1
18,3,The Cissy,249,2014,Terrorism,1
18,3,The Cissy,249,2014,Trade Policy,1
18,4,Handicar,250,2014,Criminal Justice Reform,2
18,4,Handicar,250,2014,Healthcare Reform,2
18,4,Handicar,250,2014,Immigration,3
18,4,Handicar,250,2014,Inflation Cost of Living,1
18,4,Handicar,250,2014,Minimum Wage Labor,2
18,4,Handicar,250,2014,Russia,2
18,4,Handicar,250,2014,Unemployment Jobs,4
18,5,The Magic Bush,251,2014,Cancel Culture Free Speech,2
18,5,The Magic Bush,251,2014,Criminal Justice Reform,6
18,5,The Magic Bush,251,2014,Income Inequality,1
18,5,The Magic Bush,251,2014,Minimum Wage Labor,1
18,5,The Magic Bush,251,2014,Race Civil Rights,2
18,5,The Magic Bush,251,2014,Russia,2
18,5,The Magic Bush,251,2014,Technology Privacy,6
18,6,Freemium Isn't Free,252,2014,Drug Policy,6
18,6,Freemium Isn't Free,252,2014,Healthcare Reform,3
18,6,Freemium Isn't Free,252,2014,Immigration,24
18,6,Freemium Isn't Free,252,2014,Inflation Cost of Living,2
18,6,Freemium Isn't Free,252,2014,LGBTQ Rights,2
18,6,Freemium Isn't Free,252,2014,Russia,1
18,6,Freemium Isn't Free,252,2014,Tax Policy,3
18,7,Grounded Vindaloop,253,2014,Healthcare Reform,1
18,7,Grounded Vindaloop,253,2014,Income Inequality,1
18,7,Grounded Vindaloop,253,2014,Terrorism,1
18,8,Cock Magic,254,2014,Criminal Justice Reform,7
18,8,Cock Magic,254,2014,Education Reform,3
18,8,Cock Magic,254,2014,Immigration,2
18,8,Cock Magic,254,2014,Income Inequality,2
18,8,Cock Magic,254,2014,Voting Rights Election Security,1
18,9,#REHASH,255,2014,Criminal Justice Reform,5
18,9,#REHASH,255,2014,Gun Control,6
18,9,#REHASH,255,2014,Immigration,2
18,9,#REHASH,255,2014,Technology Privacy,1
18,10,#HappyHolograms,256,2014,Cancel Culture Free Speech,1
18,10,#HappyHolograms,256,2014,Criminal Justice Reform,4
18,10,#HappyHolograms,256,2014,LGBTQ Rights,4
18,10,#HappyHolograms,256,2014,Race Civil Rights,1
18,10,#HappyHolograms,256,2014,Technology Privacy,1
19,1,Stunning and Brave,257,2015,Cancel Culture Free Speech,35
19,1,Stunning and Brave,257,2015,Criminal Justice Reform,2
19,1,Stunning and Brave,257,2015,Education Reform,2
19,1,Stunning and Brave,257,2015,Immigration,6
19,1,Stunning and Brave,257,2015,Iraq Afghanistan Wars,2
19,1,Stunning and Brave,257,2015,LGBTQ Rights,2
19,1,Stunning and Brave,257,2015,Middle East Conflict,5
19,1,Stunning and Brave,257,2015,Social Security Medicare,1
19,2,Where My Country Gone?,258,2015,Cancel Culture Free Speech,4
19,2,Where My Country Gone?,258,2015,Criminal Justice Reform,1
19,2,Where My Country Gone?,258,2015,Gun Control,1
19,2,Where My Country Gone?,258,2015,Immigration,38
19,2,Where My Country Gone?,258,2015,LGBTQ Rights,1
19,2,Where My Country Gone?,258,2015,Minimum Wage Labor,1
19,2,Where My Country Gone?,258,2015,Technology Privacy,1
19,3,The City Part of Town,259,2015,Cancel Culture Free Speech,3
19,3,The City Part of Town,259,2015,Education Reform,1
19,3,The City Part of Town,259,2015,Immigration,2
19,3,The City Part of Town,259,2015,Inflation Cost of Living,2
19,3,The City Part of Town,259,2015,LGBTQ Rights,2
19,3,The City Part of Town,259,2015,Minimum Wage Labor,1
19,3,The City Part of Town,259,2015,Tax Policy,1
19,4,You're Not Yelping,260,2015,Drug Policy,5
19,4,You're Not Yelping,260,2015,Healthcare Reform,1
19,4,You're Not Yelping,260,2015,Immigration,3
19,5,Safe Space,261,2015,Cancel Culture Free Speech,15
19,5,Safe Space,261,2015,Education Reform,5
19,5,Safe Space,261,2015,Immigration,2
19,5,Safe Space,261,2015,LGBTQ Rights,1
19,5,Safe Space,261,2015,Tax Policy,1
19,5,Safe Space,261,2015,Technology Privacy,6
19,6,Tweek x Craig,262,2015,Cancel Culture Free Speech,2
19,6,Tweek x Craig,262,2015,Climate Change,1
19,6,Tweek x Craig,262,2015,LGBTQ Rights,29
19,7,Naughty Ninjas,263,2015,Criminal Justice Reform,9
19,7,Naughty Ninjas,263,2015,Gun Control,2
19,7,Naughty Ninjas,263,2015,Immigration,2
19,7,Naughty Ninjas,263,2015,Income Inequality,10
19,7,Naughty Ninjas,263,2015,Inflation Cost of Living,1
19,7,Naughty Ninjas,263,2015,LGBTQ Rights,17
19,7,Naughty Ninjas,263,2015,Middle East Conflict,7
19,7,Naughty Ninjas,263,2015,Race Civil Rights,3
19,7,Naughty Ninjas,263,2015,Terrorism,8
19,8,Sponsored Content,264,2015,Cancel Culture Free Speech,18
19,8,Sponsored Content,264,2015,Criminal Justice Reform,2
19,8,Sponsored Content,264,2015,Education Reform,2
19,8,Sponsored Content,264,2015,Healthcare Reform,3
19,8,Sponsored Content,264,2015,Income Inequality,1
19,8,Sponsored Content,264,2015,Middle East Conflict,5
19,8,Sponsored Content,264,2015,Race Civil Rights,1
19,8,Sponsored Content,264,2015,Social Security Medicare,1
19,8,Sponsored Content,264,2015,Terrorism,1
19,8,Sponsored Content,264,2015,Unemployment Jobs,1
19,9,Truth and Advertising,265,2015,Cancel Culture Free Speech,24
19,9,Truth and Advertising,265,2015,Criminal Justice Reform,6
19,9,Truth and Advertising,265,2015,Education Reform,2
19,9,Truth and Advertising,265,2015,Gun Control,4
19,9,Truth and Advertising,265,2015,Immigration,2
19,9,Truth and Advertising,265,2015,Inflation Cost of Living,4
19,9,Truth and Advertising,265,2015,LGBTQ Rights,2
19,9,Truth and Advertising,265,2015,Minimum Wage Labor,3
19,10,PC Principal Final Justice,266,2015,Abortion,2
19,10,PC Principal Final Justice,266,2015,Cancel Culture Free Speech,20
19,10,PC Principal Final Justice,266,2015,Criminal Justice Reform,2
19,10,PC Principal Final Justice,266,2015,Gun Control,18
19,10,PC Principal Final Justice,266,2015,Inflation Cost of Living,3
19,10,PC Principal Final Justice,266,2015,LGBTQ Rights,1
20,1,Member Berries,267,2016,Cancel Culture Free Speech,1
20,1,Member Berries,267,2016,Criminal Justice Reform,3
20,1,Member Berries,267,2016,Immigration,1
20,1,Member Berries,267,2016,LGBTQ Rights,1
20,1,Member Berries,267,2016,Middle East Conflict,2
20,1,Member Berries,267,2016,Race Civil Rights,3
20,1,Member Berries,267,2016,Terrorism,2
20,1,Member Berries,267,2016,Voting Rights Election Security,5
20,2,Skank Hunt,268,2016,Cancel Culture Free Speech,4
20,2,Skank Hunt,268,2016,Drug Policy,1
20,2,Skank Hunt,268,2016,Immigration,1
20,2,Skank Hunt,268,2016,Income Inequality,1
20,2,Skank Hunt,268,2016,Minimum Wage Labor,5
20,2,Skank Hunt,268,2016,Technology Privacy,4
20,3,The Damned,269,2016,Cancel Culture Free Speech,3
20,3,The Damned,269,2016,Criminal Justice Reform,2
20,3,The Damned,269,2016,Iraq Afghanistan Wars,1
20,3,The Damned,269,2016,Middle East Conflict,1
20,3,The Damned,269,2016,Race Civil Rights,1
20,3,The Damned,269,2016,Russia,1
20,3,The Damned,269,2016,Technology Privacy,3
20,3,The Damned,269,2016,Terrorism,1
20,3,The Damned,269,2016,Voting Rights Election Security,1
20,4,Wieners Out,270,2016,Abortion,3
20,4,Wieners Out,270,2016,Cancel Culture Free Speech,3
20,4,Wieners Out,270,2016,Criminal Justice Reform,2
20,4,Wieners Out,270,2016,Income Inequality,1
20,4,Wieners Out,270,2016,LGBTQ Rights,1
20,4,Wieners Out,270,2016,Race Civil Rights,2
20,4,Wieners Out,270,2016,Russia,1
20,4,Wieners Out,270,2016,Technology Privacy,4
20,4,Wieners Out,270,2016,Terrorism,1
20,5,Douche and a Danish,271,2016,Abortion,4
20,5,Douche and a Danish,271,2016,Cancel Culture Free Speech,7
20,5,Douche and a Danish,271,2016,Immigration,1
20,5,Douche and a Danish,271,2016,Income Inequality,1
20,5,Douche and a Danish,271,2016,LGBTQ Rights,1
20,5,Douche and a Danish,271,2016,Middle East Conflict,2
20,5,Douche and a Danish,271,2016,Technology Privacy,7
20,5,Douche and a Danish,271,2016,Terrorism,3
20,6,Fort Collins,272,2016,Abortion,1
20,6,Fort Collins,272,2016,Cancel Culture Free Speech,1
20,6,Fort Collins,272,2016,Immigration,1
20,6,Fort Collins,272,2016,Technology Privacy,2
20,8,Members Only,273,2016,Cancel Culture Free Speech,4
20,8,Members Only,273,2016,Climate Change,1
20,8,Members Only,273,2016,Immigration,1
20,8,Members Only,273,2016,Inflation Cost of Living,1
20,8,Members Only,273,2016,Iraq Afghanistan Wars,3
20,8,Members Only,273,2016,Middle East Conflict,1
20,8,Members Only,273,2016,Russia,2
20,8,Members Only,273,2016,Technology Privacy,2
20,9,Not Funny,274,2016,Abortion,1
20,9,Not Funny,274,2016,Criminal Justice Reform,1
20,9,Not Funny,274,2016,Iraq Afghanistan Wars,2
20,9,Not Funny,274,2016,LGBTQ Rights,2
20,9,Not Funny,274,2016,Minimum Wage Labor,2
20,9,Not Funny,274,2016,Technology Privacy,2
20,10,The End of Serialization as We Know It,275,2016,Cancel Culture Free Speech,3
20,10,The End of Serialization as We Know It,275,2016,Education Reform,1
20,10,The End of Serialization as We Know It,275,2016,Immigration,1
20,10,The End of Serialization as We Know It,275,2016,LGBTQ Rights,2
20,10,The End of Serialization as We Know It,275,2016,Middle East Conflict,2
20,10,The End of Serialization as We Know It,275,2016,Minimum Wage Labor,1
20,10,The End of Serialization as We Know It,275,2016,Russia,2
20,10,The End of Serialization as We Know It,275,2016,Technology Privacy,4
20,10,The End of Serialization as We Know It,275,2016,Terrorism,2
20,10,The End of Serialization as We Know It,275,2016,Unemployment Jobs,1
21,1,White People Renovating Houses,276,2017,Abortion,1
21,1,White People Renovating Houses,276,2017,Climate Change,1
21,1,White People Renovating Houses,276,2017,Criminal Justice Reform,3
21,1,White People Renovating Houses,276,2017,Education Reform,1
21,1,White People Renovating Houses,276,2017,Gun Control,1
21,1,White People Renovating Houses,276,2017,Healthcare Reform,1
21,1,White People Renovating Houses,276,2017,Immigration,6
21,1,White People Renovating Houses,276,2017,LGBTQ Rights,1
21,1,White People Renovating Houses,276,2017,Minimum Wage Labor,2
21,1,White People Renovating Houses,276,2017,Race Civil Rights,5
21,1,White People Renovating Houses,276,2017,Tax Policy,2
21,1,White People Renovating Houses,276,2017,Technology Privacy,7
21,1,White People Renovating Houses,276,2017,Unemployment Jobs,15
21,2,Put It Down,277,2017,Abortion,2
21,2,Put It Down,277,2017,Cancel Culture Free Speech,2
21,2,Put It Down,277,2017,Climate Change,1
21,2,Put It Down,277,2017,Drug Policy,2
21,2,Put It Down,277,2017,Income Inequality,1
21,2,Put It Down,277,2017,LGBTQ Rights,4
21,2,Put It Down,277,2017,Minimum Wage Labor,1
21,2,Put It Down,277,2017,Tax Policy,1
21,3,Holiday Special,278,2017,Cancel Culture Free Speech,5
21,3,Holiday Special,278,2017,Education Reform,1
21,3,Holiday Special,278,2017,Race Civil Rights,7
21,3,Holiday Special,278,2017,Technology Privacy,1
21,4,Franchise Prequel,279,2017,Criminal Justice Reform,4
21,4,Franchise Prequel,279,2017,Gun Control,1
21,4,Franchise Prequel,279,2017,Minimum Wage Labor,1
21,4,Franchise Prequel,279,2017,Russia,3
21,4,Franchise Prequel,279,2017,Technology Privacy,25
21,5,Hummels & Heroin,280,2017,Abortion,1
21,5,Hummels & Heroin,280,2017,Criminal Justice Reform,4
21,5,Hummels & Heroin,280,2017,Drug Policy,11
21,5,Hummels & Heroin,280,2017,Healthcare Reform,1
21,6,Sons A Witches,281,2017,Criminal Justice Reform,2
21,6,Sons A Witches,281,2017,Drug Policy,9
21,6,Sons A Witches,281,2017,Immigration,1
21,6,Sons A Witches,281,2017,Income Inequality,1
21,7,Doubling Down,282,2017,Middle East Conflict,1
21,7,Doubling Down,282,2017,Race Civil Rights,1
21,7,Doubling Down,282,2017,Russia,1
21,7,Doubling Down,282,2017,Voting Rights Election Security,3
21,8,Moss Piglets,283,2017,Cancel Culture Free Speech,2
21,8,Moss Piglets,283,2017,Income Inequality,1
21,8,Moss Piglets,283,2017,Race Civil Rights,1
21,9,SUPER HARD PCness,284,2017,Abortion,3
21,9,SUPER HARD PCness,284,2017,Cancel Culture Free Speech,4
21,9,SUPER HARD PCness,284,2017,Criminal Justice Reform,1
21,9,SUPER HARD PCness,284,2017,Education Reform,1
21,9,SUPER HARD PCness,284,2017,Immigration,13
21,9,SUPER HARD PCness,284,2017,Iraq Afghanistan Wars,3
21,9,SUPER HARD PCness,284,2017,Race Civil Rights,3
21,9,SUPER HARD PCness,284,2017,Technology Privacy,1
21,9,SUPER HARD PCness,284,2017,Trade Policy,1
21,10,Splatty Tomato,285,2017,Abortion,1
21,10,Splatty Tomato,285,2017,Cancel Culture Free Speech,1
21,10,Splatty Tomato,285,2017,Criminal Justice Reform,3
21,10,Splatty Tomato,285,2017,Gun Control,2
21,10,Splatty Tomato,285,2017,Immigration,5
